{"row": {"0": 1, "1": 0, "2": 2, "3": 4, "4": 3, "5": 2, "6": 8, "7": 3, "8": 10, "9": 4, "10": 6, "11": 5, "12": 5, "13": 6, "14": 7, "15": 4, "16": 9, "17": 10}, "col": {"0": 0, "1": 7, "2": 1, "3": 1, "4": 2, "5": 5, "6": 2, "7": 0, "8": 3, "9": 0, "10": 4, "11": 3, "12": 9, "13": 2, "14": 3, "15": 8, "16": 1, "17": 4}, "components": {"0": "r", "1": "v", "2": "d", "3": "r", "4": "r", "5": "r", "6": "r", "7": "r", "8": "d", "9": "r", "10": "r", "11": "r", "12": "r", "13": "r", "14": "d", "15": "r", "16": "r", "17": "r"}, "resistances": {"0": 1200.0, "1": NaN, "2": NaN, "3": 9300.0, "4": 3000.0, "5": 5900.0, "6": 700.0, "7": 8100.0, "8": NaN, "9": 3300.0, "10": 9800.0, "11": 1100.0, "12": 8000.0, "13": 4500.0, "14": NaN, "15": 3400.0, "16": 1000.0, "17": 2700.0}, "edge_voltage": {"0": 7.2418179115629755e-06, "1": -7.0, "2": 3.37476203640108e-05, "3": 1.161051568487892e-05, "4": 1.6190715541597456e-05, "5": -9.220104402629659e-06, "6": -3.779507096624002e-06, "7": 5.718015381717123e-05, "8": -3.829021625278983e-05, "9": 1.8852333596441895e-05, "10": 1.5170880942605436e-05, "11": -6.970611138967797e-06, "12": 3.819353332801256e-05, "13": -6.9662237365264446e-06, "14": 6.999942819846183, "15": -1.835759758250788e-05, "16": 4.774191438627895e-06, "17": 3.760396793950349e-08}, "edge_current": {"0": -6.03484817673916e-09, "1": -2.9802322387695312e-08, "2": -1.2278178473934531e-11, "3": -1.2484425715442171e-09, "4": -5.396906033183768e-09, "5": 1.5627295013587172e-09, "6": 5.399293900865132e-09, "7": -7.059278495091803e-09, "8": 1.3642420526593924e-11, "9": -5.712828432535844e-09, "10": -1.5480492443487037e-09, "11": 6.336921209992852e-09, "12": -4.7741917086341346e-09, "13": 1.5480492443487037e-09, "14": -2.9802322387695312e-08, "15": 5.399293900865132e-09, "16": -4.7741917086341346e-09, "17": -1.392768712860093e-11}, "voltage": 7}