{"row": {"0": 1, "1": 1, "2": 7, "3": 3, "4": 2, "5": 5, "6": 8, "7": 3, "8": 3, "9": 4, "10": 1, "11": 6, "12": 7, "13": 5}, "col": {"0": 0, "1": 2, "2": 1, "3": 2, "4": 4, "5": 2, "6": 2, "7": 0, "8": 6, "9": 1, "10": 5, "11": 1, "12": 5, "13": 8}, "components": {"0": "d", "1": "r", "2": "r", "3": "r", "4": "r", "5": "r", "6": "r", "7": "v", "8": "r", "9": "r", "10": "r", "11": "r", "12": "r", "13": "r"}, "resistances": {"0": NaN, "1": 4900.0, "2": 1900.0, "3": 5600.0, "4": 3900.0, "5": 100.0, "6": 6400.0, "7": NaN, "8": 5300.0, "9": 3700.0, "10": 4100.0, "11": 7000.0, "12": 300.0, "13": 1800.0}, "edge_voltage": {"0": -0.6320558190345764, "1": 2.503304183483124, "2": -2.0223929286003113, "3": -13.8646399974823, "4": -1.284590244293213, "5": 0.16158628463745117, "6": 0.12611603736877441, "7": -17.0, "8": -7.052853584289551, "9": -1.2187139391899109, "10": 2.3417178988456726, "11": -9.315090596675873, "12": 0.31932497024536133, "13": 0.03547024726867676}, "edge_current": {"0": 0.0038065575063228607, "1": -0.0005108783952891827, "2": 0.0010644173016771674, "3": 0.002475828630849719, "4": 0.0003293821355327964, "5": -0.001615862362086773, "6": -1.9705637896549888e-05, "7": -0.0038065556436777115, "8": 0.0013307271292433143, "9": 0.0003293821355327964, "10": -0.0005711507401429117, "11": 0.0013307271292433143, "12": -0.0010644173016771674, "13": -1.9705637896549888e-05}, "voltage": 17}