{"row": {"0": 0, "1": 7, "2": 8, "3": 0, "4": 2, "5": 1, "6": 3, "7": 2, "8": 6, "9": 2, "10": 3, "11": 10, "12": 4, "13": 0, "14": 0, "15": 5, "16": 2, "17": 9, "18": 2, "19": 11}, "col": {"0": 1, "1": 0, "2": 0, "3": 11, "4": 1, "5": 5, "6": 2, "7": 4, "8": 2, "9": 9, "10": 0, "11": 3, "12": 1, "13": 5, "14": 6, "15": 7, "16": 8, "17": 5, "18": 10, "19": 7}, "components": {"0": "d", "1": "d", "2": "r", "3": "r", "4": "r", "5": "d", "6": "d", "7": "r", "8": "r", "9": "r", "10": "r", "11": "r", "12": "d", "13": "r", "14": "r", "15": "r", "16": "d", "17": "r", "18": "v", "19": "r"}, "resistances": {"0": NaN, "1": NaN, "2": 4300.0, "3": 2800.0, "4": 500.0, "5": NaN, "6": NaN, "7": 6800.0, "8": 5800.0, "9": 1100.0, "10": 6500.0, "11": 6200.0, "12": NaN, "13": 8300.0, "14": 8000.0, "15": 1900.0, "16": NaN, "17": 4500.0, "18": NaN, "19": 5600.0}, "edge_voltage": {"0": 0.5041424632072449, "1": -0.1905912458896637, "2": -0.1256597638130188, "3": 0.06353041529655457, "4": -0.0017068982124328613, "5": -0.26905466616153717, "6": 1.2705124616622925, "7": -5.543231964111328e-06, "8": 0.21260374784469604, "9": -0.053185850381851196, "10": 0.7646631002426147, "11": 0.7294875383377075, "12": -0.00170135498046875, "13": 0.2350877970457077, "14": 0.2932456135749817, "15": -0.044496551156044006, "16": -0.38018959760665894, "17": -0.21757571399211884, "18": -2.0, "19": 0.12706083059310913}, "edge_current": {"0": -2.0489096641540527e-08, "1": 7.301568984985352e-07, "2": 2.9223203455330804e-05, "3": -2.2689433535560966e-05, "4": 3.4124527701351326e-06, "5": 3.3937394618988037e-06, "6": -1.862645149230957e-08, "7": 7.214761010843063e-10, "8": -3.665569965960458e-05, "9": 4.835016079596244e-05, "10": -0.00011764048394979909, "11": -0.00011765937961172312, "12": -2.1100277081131935e-10, "13": -2.8323829610599205e-05, "14": -3.665569965960458e-05, "15": 2.3419237550115213e-05, "16": 2.9223039746284485e-05, "17": 4.835016079596244e-05, "18": -0.00011765937961172312, "19": -2.2689433535560966e-05}, "voltage": 2}