{"row": {"0": 0, "1": 4, "2": 8, "3": 1, "4": 6, "5": 3, "6": 2, "7": 0, "8": 5, "9": 3, "10": 1, "11": 2, "12": 0, "13": 6, "14": 1, "15": 11, "16": 2, "17": 2, "18": 6, "19": 8}, "col": {"0": 1, "1": 0, "2": 0, "3": 2, "4": 1, "5": 2, "6": 10, "7": 3, "8": 3, "9": 7, "10": 4, "11": 5, "12": 6, "13": 9, "14": 7, "15": 7, "16": 8, "17": 9, "18": 10, "19": 11}, "components": {"0": "r", "1": "r", "2": "r", "3": "r", "4": "d", "5": "r", "6": "r", "7": "d", "8": "r", "9": "r", "10": "r", "11": "r", "12": "r", "13": "r", "14": "r", "15": "r", "16": "v", "17": "r", "18": "r", "19": "r"}, "resistances": {"0": 2300.0, "1": 7800.0, "2": 8700.0, "3": 3900.0, "4": NaN, "5": 9300.0, "6": 8600.0, "7": NaN, "8": 1100.0, "9": 8800.0, "10": 8800.0, "11": 5200.0, "12": 2100.0, "13": 9700.0, "14": 5600.0, "15": 1500.0, "16": NaN, "17": 1300.0, "18": 900.0, "19": 5400.0}, "edge_voltage": {"0": 0.7063389420509338, "1": -0.3318942189216614, "2": 7.362159252166748, "3": 2.931501805782318, "4": -0.33642417192459106, "5": 1.571347951889038, "6": -2.3492281436920166, "7": 2.066492795944214, "8": -0.27436232566833496, "9": -3.681596517562866, "10": -0.37444472312927246, "11": -1.2969856262207031, "12": 1.042763113975525, "13": 2.2883867025375366, "14": -2.321442663669586, "15": 1.2493598461151123, "16": -11.0, "17": -0.30669093132019043, "18": 0.24584949016571045, "19": 4.497695684432983}, "edge_current": {"0": -0.0003071039100177586, "1": 4.2550538637442514e-05, "2": -0.0008462251862511039, "3": -0.0007516671321354806, "4": 1.2530479580163956e-05, "5": -0.00016896214219741523, "6": 0.0002731660788413137, "7": -1.4901161193847656e-08, "8": 0.00024942029267549515, "9": 0.0004183632554486394, "10": 4.2550538637442514e-05, "11": 0.00024942029267549515, "12": -0.0004965538391843438, "13": -0.00023591614444740117, "14": 0.00041454334859736264, "15": -0.0008329065749421716, "16": -0.0016791317611932755, "17": 0.00023591614444740117, "18": -0.0002731660788413137, "19": -0.0008329065749421716}, "voltage": 11}