{"row": {"0": 1, "1": 1, "2": 2, "3": 4, "4": 8, "5": 0, "6": 3, "7": 6, "8": 4, "9": 5, "10": 5, "11": 0, "12": 4, "13": 6}, "col": {"0": 0, "1": 2, "2": 3, "3": 2, "4": 2, "5": 3, "6": 5, "7": 3, "8": 0, "9": 0, "10": 7, "11": 6, "12": 7, "13": 8}, "components": {"0": "d", "1": "d", "2": "r", "3": "r", "4": "v", "5": "d", "6": "r", "7": "d", "8": "d", "9": "r", "10": "r", "11": "r", "12": "d", "13": "r"}, "resistances": {"0": NaN, "1": NaN, "2": 5000.0, "3": 7600.0, "4": NaN, "5": NaN, "6": 7200.0, "7": NaN, "8": NaN, "9": 9700.0, "10": 4000.0, "11": 8900.0, "12": NaN, "13": 400.0}, "edge_voltage": {"0": -0.03585871681571007, "1": 1.6914861537516117, "2": -0.3945575952529907, "3": 1.2574898898601532, "4": 4.000000357627869, "5": 1.332787275314331, "6": -0.5678921341896057, "7": 3.5076866149902344, "8": -0.4698549807071686, "9": -0.7648951411247253, "10": -7.492303848266602e-05, "11": -2.1748993396759033, "12": 0.2949652373790741, "13": -0.09775614738464355}, "edge_current": {"0": 1.8801074475049973e-08, "1": -2.2351741790771484e-08, "2": 7.891151471994817e-05, "3": -0.00016545920516364276, "4": 0.0002443939447402954, "5": -1.1175870895385742e-08, "6": 7.887390529504046e-05, "7": -2.9802322387695312e-08, "8": 0.00016547832638025284, "9": 7.885516970418394e-05, "10": 1.873751820369307e-08, "11": 0.00024437071988359094, "12": -1.909211277961731e-08, "13": 0.00024439042317681015}, "voltage": -4}