{"row": {"0": 0, "1": 4, "2": 2, "3": 8, "4": 3, "5": 7, "6": 0, "7": 3, "8": 3, "9": 4, "10": 2, "11": 6, "12": 6, "13": 1, "14": 0, "15": 4}, "col": {"0": 1, "1": 0, "2": 1, "3": 1, "4": 2, "5": 2, "6": 3, "7": 5, "8": 6, "9": 1, "10": 5, "11": 4, "12": 9, "13": 7, "14": 8, "15": 9}, "components": {"0": "r", "1": "v", "2": "d", "3": "r", "4": "r", "5": "r", "6": "d", "7": "r", "8": "r", "9": "r", "10": "r", "11": "r", "12": "r", "13": "r", "14": "r", "15": "r"}, "resistances": {"0": 800.0, "1": NaN, "2": NaN, "3": 8200.0, "4": 8900.0, "5": 8100.0, "6": NaN, "7": 9900.0, "8": 9400.0, "9": 9500.0, "10": 3600.0, "11": 8800.0, "12": 8900.0, "13": 10000.0, "14": 5100.0, "15": 1000.0}, "edge_voltage": {"0": 1.5678566694259644, "1": -15.0, "2": -0.5393341779708862, "3": 0.966648519039154, "4": -3.560453176498413, "5": 0.24135959148406982, "6": 5.667644023895264, "7": -2.61099910736084, "8": 6.239792346954346, "9": -13.432143330574036, "10": 0.9494540691375732, "11": 3.0925636291503906, "12": 2.780183792114258, "13": 0.2979745864868164, "14": 0.6012081503868103, "15": -0.3123798370361328}, "edge_current": {"0": -0.001959820743650198, "1": -0.0020777175668627024, "2": 0.0006339913234114647, "3": -0.00011788395931944251, "4": 0.00040005092159844935, "5": -2.9797465685987845e-05, "6": -1.4901161193847656e-08, "7": 0.00026373728178441525, "8": -0.0006638077320531011, "9": 0.0014139098348096013, "10": -0.00026373728178441525, "11": -0.0003514276468195021, "12": -0.0003123801143374294, "13": -2.9797465685987845e-05, "14": -0.00011788395931944251, "15": 0.0003123801143374294}, "voltage": 15}