{"row": {"0": 0, "1": 1, "2": 3, "3": 4, "4": 2, "5": 0, "6": 5, "7": 3, "8": 0, "9": 5, "10": 5, "11": 0, "12": 4, "13": 8}, "col": {"0": 1, "1": 2, "2": 2, "3": 2, "4": 8, "5": 3, "6": 3, "7": 6, "8": 4, "9": 0, "10": 7, "11": 6, "12": 7, "13": 6}, "components": {"0": "r", "1": "r", "2": "r", "3": "r", "4": "r", "5": "r", "6": "r", "7": "r", "8": "d", "9": "r", "10": "v", "11": "d", "12": "r", "13": "r"}, "resistances": {"0": 8600.0, "1": 2500.0, "2": 5600.0, "3": 400.0, "4": 4000.0, "5": 9500.0, "6": 9800.0, "7": 9100.0, "8": NaN, "9": 1500.0, "10": NaN, "11": NaN, "12": 4800.0, "13": 600.0}, "edge_voltage": {"0": -0.31309595704078674, "1": -0.09101629257202148, "2": -2.4266847670078278, "3": 0.25874432921409607, "4": 0.7084711790084839, "5": 2.0225725173950195, "6": -8.069080352783203, "7": -1.6119429171085358, "8": -0.6628565788269043, "9": -10.091652870178223, "10": -47.000000953674316, "11": 0.41062960028648376, "12": -36.24549150466919, "13": 0.1062706708908081}, "edge_current": {"0": 3.640650902525522e-05, "1": 3.640650902525522e-05, "2": 0.0004333365650381893, "3": -0.0006468608626164496, "4": -0.0001771177921909839, "5": -0.00021290236327331513, "6": 0.0008233755361288786, "7": 0.0001771365787135437, "8": 0.006904281675815582, "9": 0.006727768573909998, "10": -0.007551143877208233, "11": -1.6763806343078613e-08, "12": 0.007551143877208233, "13": -0.0001771177921909839}, "voltage": 47}