{"row": {"0": 1, "1": 4, "2": 0, "3": 1, "4": 9, "5": 2, "6": 6, "7": 0, "8": 3, "9": 8, "10": 4, "11": 2, "12": 4, "13": 7, "14": 1, "15": 4}, "col": {"0": 0, "1": 0, "2": 7, "3": 2, "4": 1, "5": 3, "6": 2, "7": 3, "8": 5, "9": 3, "10": 1, "11": 5, "12": 6, "13": 2, "14": 8, "15": 9}, "components": {"0": "v", "1": "r", "2": "d", "3": "r", "4": "r", "5": "r", "6": "r", "7": "r", "8": "r", "9": "r", "10": "r", "11": "r", "12": "r", "13": "r", "14": "r", "15": "d"}, "resistances": {"0": NaN, "1": 4600.0, "2": NaN, "3": 800.0, "4": 6400.0, "5": 5600.0, "6": 800.0, "7": 1700.0, "8": 4600.0, "9": 10000.0, "10": 8700.0, "11": 7800.0, "12": 7500.0, "13": 7900.0, "14": 1400.0, "15": NaN}, "edge_voltage": {"0": -32.0, "1": -15.438305854797363, "2": 27.36711883544922, "3": -4.630321502685547, "4": -0.033596038818359375, "5": -16.78157138824463, "6": 1.1500110626220703, "7": 10.588107109069824, "8": 6.225420951843262, "9": -18.782362937927246, "10": 16.561694145202637, "11": -10.556150436401367, "12": 10.78136157989502, "13": 0.002559661865234375, "14": -2.6295299530029297, "15": 16.595290184020996}, "edge_current": {"0": -0.009564531035721302, "1": 0.003356153378263116, "2": 0.0, "3": 0.005787901114672422, "4": 5.249313289823476e-06, "5": 0.002996709430590272, "6": -0.0014375149039551616, "7": -0.006228298414498568, "8": -0.0013533525634557009, "9": 0.001878236187621951, "10": -0.0019036430167034268, "11": 0.0013533525634557009, "12": -0.0014375149039551616, "13": -3.2409337791250437e-07, "14": 0.001878236187621951, "15": 0.0}, "voltage": 32}