{"row": {"0": 1, "1": 1, "2": 2, "3": 4, "4": 8, "5": 0, "6": 3, "7": 6, "8": 4, "9": 5, "10": 5, "11": 0, "12": 4, "13": 6}, "col": {"0": 0, "1": 2, "2": 3, "3": 2, "4": 2, "5": 3, "6": 5, "7": 3, "8": 0, "9": 0, "10": 7, "11": 6, "12": 7, "13": 8}, "components": {"0": "d", "1": "d", "2": "r", "3": "r", "4": "v", "5": "d", "6": "r", "7": "d", "8": "d", "9": "r", "10": "r", "11": "r", "12": "d", "13": "r"}, "resistances": {"0": NaN, "1": NaN, "2": 5000.0, "3": 7600.0, "4": NaN, "5": NaN, "6": 7200.0, "7": NaN, "8": NaN, "9": 9700.0, "10": 4000.0, "11": 8900.0, "12": NaN, "13": 400.0}, "edge_voltage": {"0": 45.05758285522461, "1": -0.03592681884765625, "2": 44.74436581134796, "3": -0.000286102294921875, "4": -49.00003433227539, "5": -0.3491438627243042, "6": 0.1486697942018509, "7": -0.6760621070861816, "8": 45.093223571777344, "9": 0.2004740685224533, "10": -7.537007331848145e-05, "11": 0.32691824436187744, "12": 44.89267413318157, "13": 3.5796064138412476}, "edge_current": {"0": 0.0, "1": 1.8917489796876907e-08, "2": -0.008948872797191143, "3": 3.768998624309461e-08, "4": -0.008949041366577148, "5": 1.5947967767715454e-05, "6": -2.0648583813454024e-05, "7": 0.008912287652492523, "8": 0.0, "9": -2.066742854367476e-05, "10": 1.8844893645564298e-08, "11": -3.6732384614879265e-05, "12": -1.4901161193847656e-08, "13": -0.008949016220867634}, "voltage": 49}