{"row": {"0": 0, "1": 2, "2": 3, "3": 2, "4": 2, "5": 0, "6": 5, "7": 3, "8": 4, "9": 0, "10": 7, "11": 6, "12": 4, "13": 8}, "col": {"0": 1, "1": 1, "2": 2, "3": 4, "4": 8, "5": 3, "6": 3, "7": 6, "8": 0, "9": 5, "10": 5, "11": 0, "12": 7, "13": 6}, "components": {"0": "d", "1": "r", "2": "r", "3": "r", "4": "d", "5": "r", "6": "d", "7": "r", "8": "r", "9": "r", "10": "r", "11": "v", "12": "d", "13": "r"}, "resistances": {"0": NaN, "1": 100.0, "2": 7600.0, "3": 6300.0, "4": NaN, "5": 4600.0, "6": NaN, "7": 600.0, "8": 3400.0, "9": 5400.0, "10": 3200.0, "11": NaN, "12": NaN, "13": 4800.0}, "edge_voltage": {"0": -0.5960924625396729, "1": 0.18993455171585083, "2": 4.301627576351166, "3": -0.9939858317375183, "4": -0.5712749361991882, "5": -5.0876545906066895, "6": -0.5844054222106934, "7": -1.9123454093933105, "8": 1.780012845993042, "9": -4.503249168395996, "10": -2.18017840385437, "11": 7.0, "12": -0.543057918548584, "13": -5.642698049545288}, "edge_current": {"0": 0.0018993467092514038, "1": -0.0018993453122675419, "2": -0.0005660036113113165, "3": 0.00015777553198859096, "4": 0.0011755609884858131, "5": 0.0011060117976740003, "6": 0.0015152059495449066, "7": 0.0031872426625341177, "8": -0.0005235332064330578, "9": 0.0008339350461028516, "10": 0.0006813057698309422, "11": 0.004362804815173149, "12": 0.0006813071668148041, "13": 0.0011755621526390314}, "voltage": -7}