{"row": {"0": 1, "1": 0, "2": 1, "3": 1, "4": 2, "5": 7, "6": 0, "7": 5, "8": 3, "9": 4, "10": 2, "11": 6, "12": 9, "13": 1, "14": 0, "15": 9}, "col": {"0": 0, "1": 4, "2": 2, "3": 8, "4": 3, "5": 2, "6": 3, "7": 3, "8": 6, "9": 1, "10": 5, "11": 4, "12": 6, "13": 7, "14": 8, "15": 4}, "components": {"0": "v", "1": "r", "2": "r", "3": "d", "4": "r", "5": "r", "6": "r", "7": "r", "8": "r", "9": "r", "10": "r", "11": "r", "12": "r", "13": "r", "14": "r", "15": "d"}, "resistances": {"0": NaN, "1": 300.0, "2": 9800.0, "3": NaN, "4": 8100.0, "5": 2700.0, "6": 2000.0, "7": 3500.0, "8": 3900.0, "9": 1100.0, "10": 7800.0, "11": 3000.0, "12": 6200.0, "13": 4000.0, "14": 2900.0, "15": NaN}, "edge_voltage": {"0": 4.0, "1": -0.854200541973114, "2": 1.4786944389343262, "3": 3.9999454684002558, "4": 1.7531670331954956, "5": 0.5958917140960693, "6": -0.7681385278701782, "7": 0.5430163145065308, "8": -0.04867738485336304, "9": -3.145799458026886, "10": 1.2101507186889648, "11": -0.037384629249572754, "12": 0.00012290477752685547, "13": 0.8828027248382568, "14": -5.453159974422306e-05, "15": -0.0372617244720459}, "edge_current": {"0": 0.0032314134296029806, "1": 0.0028473350685089827, "2": -0.00015088719374034554, "3": -1.4901161193847656e-08, "4": -0.00021644035587087274, "5": -0.00022070067643653601, "6": 0.000384069251595065, "7": -0.00015514751430600882, "8": 1.248137868969934e-05, "9": 0.002859817584976554, "10": -0.00015514751430600882, "11": 1.2461554433684796e-05, "12": -1.982433417424545e-08, "13": -0.00022070067643653601, "14": 1.8804000134764465e-08, "15": 2.3050233721733093e-08}, "voltage": -4}