{"row": {"0": 1, "1": 2, "2": 4, "3": 5, "4": 2, "5": 3, "6": 2, "7": 6, "8": 5, "9": 7, "10": 0, "11": 7}, "col": {"0": 0, "1": 1, "2": 1, "3": 1, "4": 3, "5": 0, "6": 4, "7": 4, "8": 3, "9": 5, "10": 6, "11": 2}, "components": {"0": "r", "1": "r", "2": "d", "3": "r", "4": "d", "5": "d", "6": "v", "7": "r", "8": "r", "9": "d", "10": "r", "11": "r"}, "resistances": {"0": 1600.0, "1": 2100.0, "2": NaN, "3": 7700.0, "4": NaN, "5": NaN, "6": NaN, "7": 4300.0, "8": 4400.0, "9": NaN, "10": 6000.0, "11": 9300.0}, "edge_voltage": {"0": -0.5272332429885864, "1": -0.6639479398727417, "2": 23.33605206012726, "3": -0.10298943519592285, "4": -0.5954827070236206, "5": -0.5956984758377075, "6": -24.0, "7": -9.522128105163574, "8": -0.03452420234680176, "9": -0.363642156124115, "10": -13.286690711975098, "11": 0.19731634855270386}, "edge_current": {"0": 0.00032952078618109226, "1": 0.00031616570777259767, "2": -1.4901161193847656e-08, "3": 1.3375249181990512e-05, "4": 0.001877017319202423, "5": 0.0018848702311515808, "6": -0.0022144317626953125, "7": 0.0022144485265016556, "8": 7.846406333555933e-06, "9": 2.1219253540039062e-05, "10": 0.0022144485265016556, "11": -2.1216819732217118e-05}, "voltage": 24}