{"row": {"0": 0, "1": 4, "2": 11, "3": 2, "4": 6, "5": 10, "6": 3, "7": 8, "8": 3, "9": 3, "10": 3, "11": 3, "12": 4, "13": 1, "14": 6, "15": 7, "16": 8, "17": 7, "18": 10, "19": 9}, "col": {"0": 1, "1": 0, "2": 0, "3": 1, "4": 1, "5": 1, "6": 2, "7": 2, "8": 0, "9": 5, "10": 7, "11": 9, "12": 2, "13": 5, "14": 2, "15": 1, "16": 5, "17": 9, "18": 3, "19": 11}, "components": {"0": "r", "1": "r", "2": "d", "3": "d", "4": "r", "5": "r", "6": "r", "7": "r", "8": "r", "9": "r", "10": "d", "11": "r", "12": "d", "13": "r", "14": "r", "15": "d", "16": "r", "17": "r", "18": "d", "19": "v"}, "resistances": {"0": 9100.0, "1": 9200.0, "2": NaN, "3": NaN, "4": 6500.0, "5": 2700.0, "6": 7500.0, "7": 9300.0, "8": 1800.0, "9": 1100.0, "10": NaN, "11": 7700.0, "12": NaN, "13": 5100.0, "14": 6700.0, "15": NaN, "16": 9900.0, "17": 400.0, "18": NaN, "19": NaN}, "edge_voltage": {"0": 1.986883216886781e-05, "1": -8.898729220163659e-08, "2": 26.999826431274414, "3": -6.73443719279021e-06, "4": -3.3162014005938545e-06, "5": -9.873474482446909e-09, "6": -3.338320311740972e-06, "7": -7.175549399107695e-07, "8": -2.9941589673398994e-05, "9": -1.8569153326097876e-06, "10": 0.00014408982860913966, "11": 0.00014413282951863948, "12": 2.6514282069456385e-05, "13": 8.215842171921395e-06, "14": 3.4182357921963558e-06, "15": -0.00015416258611367084, "16": 7.638500392204151e-07, "17": 4.300090949982405e-08, "18": 1.0062884030048735e-05, "19": -27.000000505693606}, "edge_current": {"0": -2.183388136955955e-09, "1": 9.672531005311402e-12, "2": -5.960464477539063e-08, "3": 2.5863755581667647e-12, "4": 5.101846167754331e-10, "5": 3.6567884137417295e-12, "6": 4.4510939378739067e-10, "7": 7.71564617751963e-11, "8": 1.6634217558930686e-08, "9": 1.688105766284309e-09, "10": -5.093170329928398e-11, "11": -1.8718550265361955e-08, "12": -9.663381206337363e-12, "13": -1.6109492628757494e-09, "14": -5.101846167754331e-10, "15": 5.638867150992155e-11, "16": -7.71564617751963e-11, "17": -1.075066147215864e-10, "18": -3.637978807091713e-12, "19": -5.960464477539063e-08}, "voltage": 27}