{"row": {"0": 0, "1": 0, "2": 0, "3": 1, "4": 6, "5": 1, "6": 2, "7": 8, "8": 3, "9": 3, "10": 7, "11": 3, "12": 4, "13": 5, "14": 6, "15": 7, "16": 8, "17": 7, "18": 10, "19": 9}, "col": {"0": 1, "1": 4, "2": 11, "3": 2, "4": 1, "5": 10, "6": 3, "7": 2, "8": 0, "9": 5, "10": 3, "11": 9, "12": 2, "13": 1, "14": 2, "15": 1, "16": 5, "17": 9, "18": 3, "19": 11}, "components": {"0": "r", "1": "d", "2": "r", "3": "v", "4": "d", "5": "r", "6": "r", "7": "r", "8": "d", "9": "r", "10": "r", "11": "r", "12": "r", "13": "r", "14": "r", "15": "r", "16": "d", "17": "r", "18": "r", "19": "d"}, "resistances": {"0": 8900.0, "1": NaN, "2": 600.0, "3": NaN, "4": NaN, "5": 6700.0, "6": 3400.0, "7": 7900.0, "8": NaN, "9": 2400.0, "10": 4600.0, "11": 6700.0, "12": 4700.0, "13": 4600.0, "14": 5300.0, "15": 4600.0, "16": NaN, "17": 600.0, "18": 6600.0, "19": NaN}, "edge_voltage": {"0": 1.4786547422409058, "1": -0.4847167730331421, "2": 0.0326249860227108, "3": -3.0, "4": 2.9999003410339355, "5": -0.7147203087806702, "6": 1.5812268257141113, "7": -0.00014388561248779297, "8": -0.05988156795501709, "9": 0.4863993525505066, "10": -0.45214563608169556, "11": 0.3850392699241638, "12": -1.0366284847259521, "13": 0.9323738217353821, "14": -9.965896606445312e-05, "15": 0.9666275382041931, "16": 2.06748229265213, "17": -0.06710636615753174, "18": -0.7040528655052185, "19": -0.4122958518564701}, "edge_current": {"0": -0.0001661409914959222, "1": 0.00022055581212043762, "2": -5.4374977480620146e-05, "3": -0.0006856589461676776, "4": -1.4901161193847656e-08, "5": 0.00010667467722669244, "6": -0.0004650666960515082, "7": 1.8205234653123625e-08, "8": 3.9814040064811707e-08, "9": -0.0002026664005825296, "10": 9.829252667259425e-05, "11": -5.746854731114581e-05, "12": 0.00022055924637243152, "13": -0.00020268997468519956, "14": 1.8803000045863882e-08, "15": -0.00021013643709011376, "16": -2.2351741790771484e-08, "17": 0.00011184391769347712, "18": 0.00010667467722669244, "19": 5.437619984149933e-05}, "voltage": 3}