{"row": {"0": 0, "1": 2, "2": 4, "3": 5, "4": 2, "5": 0, "6": 2, "7": 4, "8": 5, "9": 7, "10": 6, "11": 7}, "col": {"0": 1, "1": 1, "2": 1, "3": 1, "4": 3, "5": 3, "6": 4, "7": 6, "8": 3, "9": 5, "10": 0, "11": 2}, "components": {"0": "r", "1": "r", "2": "r", "3": "r", "4": "v", "5": "d", "6": "r", "7": "d", "8": "r", "9": "r", "10": "r", "11": "r"}, "resistances": {"0": 1000.0, "1": 4800.0, "2": 8200.0, "3": 4400.0, "4": NaN, "5": NaN, "6": 1000.0, "7": NaN, "8": 8300.0, "9": 2400.0, "10": 3800.0, "11": 2900.0}, "edge_voltage": {"0": 2.674262762069702, "1": -7.684145212173462, "2": -5.152872323989868, "3": -1.958000898361206, "4": -11.000000178813934, "5": -0.6415922045707703, "6": -2.5312728881835938, "7": -0.5961894989013672, "8": -5.2738558650016785, "9": -2.592970848083496, "10": -7.230945587158203, "11": 3.1331734657287598}, "edge_current": {"0": -0.002674262737855315, "1": 0.0016008635284379125, "2": 0.0006283990223892033, "3": 0.0004450002161320299, "4": -0.005212549120187759, "5": 0.004577133804559708, "6": 0.0025312728248536587, "7": 0.0019028764218091965, "8": 0.0006354043143801391, "9": 0.0010804045014083385, "10": 0.0019028804963454604, "11": -0.0010804045014083385}, "voltage": 11}