{"row": {"0": 0, "1": 6, "2": 0, "3": 1, "4": 5, "5": 3, "6": 2, "7": 2, "8": 0, "9": 3, "10": 4, "11": 0, "12": 2, "13": 5, "14": 8, "15": 3}, "col": {"0": 1, "1": 0, "2": 9, "3": 2, "4": 1, "5": 2, "6": 4, "7": 8, "8": 3, "9": 7, "10": 1, "11": 5, "12": 6, "13": 7, "14": 3, "15": 9}, "components": {"0": "r", "1": "r", "2": "r", "3": "r", "4": "d", "5": "d", "6": "r", "7": "v", "8": "r", "9": "r", "10": "d", "11": "d", "12": "r", "13": "r", "14": "r", "15": "r"}, "resistances": {"0": 5200.0, "1": 3500.0, "2": 8700.0, "3": 2100.0, "4": NaN, "5": NaN, "6": 8600.0, "7": NaN, "8": 1700.0, "9": 8800.0, "10": NaN, "11": NaN, "12": 1400.0, "13": 2700.0, "14": 3700.0, "15": 2500.0}, "edge_voltage": {"0": 5.699994087219238, "1": -5.459089279174805, "2": -2.7423157691955566, "3": 1.9427313804626465, "4": 6.194012343883514, "5": 11.173063039779663, "6": -1.4711589813232422, "7": -21.000000476837158, "8": -3.5303375720977783, "9": 2.323444366455078, "10": -0.4715723991394043, "11": -0.4940182566642761, "12": -2.18363618850708, "13": -0.7128749489784241, "14": 9.826937437057495, "15": 0.7880218029022217}, "edge_current": {"0": -0.001096152700483799, "1": 0.0015597398160025477, "2": 0.00031520871561951935, "3": -0.0009251100709661841, "4": -2.9802322387695312e-08, "5": -2.9802322387695312e-08, "6": 0.0001710649812594056, "7": -0.002655917778611183, "8": 0.002076669130474329, "9": -0.0002640277671162039, "10": 0.00017103180289268494, "11": 0.00026401039212942123, "12": 0.0015597398160025477, "13": 0.0002640277671162039, "14": -0.0026559289544820786, "15": -0.00031520871561951935}, "voltage": 21}