{"row": {"0": 0, "1": 1, "2": 4, "3": 6, "4": 7, "5": 9, "6": 2, "7": 0, "8": 3, "9": 2, "10": 4, "11": 5, "12": 2, "13": 5, "14": 8, "15": 6}, "col": {"0": 1, "1": 2, "2": 1, "3": 1, "4": 1, "5": 1, "6": 3, "7": 3, "8": 5, "9": 4, "10": 8, "11": 1, "12": 6, "13": 7, "14": 5, "15": 9}, "components": {"0": "r", "1": "r", "2": "r", "3": "d", "4": "r", "5": "r", "6": "r", "7": "d", "8": "r", "9": "r", "10": "r", "11": "v", "12": "r", "13": "r", "14": "r", "15": "r"}, "resistances": {"0": 7000.0, "1": 300.0, "2": 9500.0, "3": NaN, "4": 10000.0, "5": 700.0, "6": 500.0, "7": NaN, "8": 8500.0, "9": 4700.0, "10": 8000.0, "11": NaN, "12": 6600.0, "13": 6000.0, "14": 8100.0, "15": 1900.0}, "edge_voltage": {"0": -0.00013290258357301354, "1": 0.9997150740236975, "2": -4.644331320247147, "3": -0.2753726384253241, "4": -15.625000341853593, "5": -0.0741387894959189, "6": 1.3333412408828735, "7": 2.332923412322998, "8": 22.666943073272705, "9": 3.6446162462234497, "10": 10.114618301391602, "11": -24.999999388179276, "12": -0.7243424355983734, "13": -9.374999046325684, "14": 10.241049766540527, "15": -0.2012338489294052}, "edge_current": {"0": 1.8986083816230348e-08, "1": -0.0033323836978524923, "2": 0.0004888770054094493, "3": 3.8351863622665405e-06, "4": 0.0015625000232830644, "5": 0.0001059125570463948, "6": -0.0026666822377592325, "7": -1.862645149230957e-08, "8": -0.0026666992343962193, "9": -0.0007754502585157752, "10": -0.0012643272057175636, "11": -0.005493526346981525, "12": 0.0001097488566301763, "13": 0.0015625000232830644, "14": -0.0012643272057175636, "15": 0.0001059125570463948}, "voltage": 25}