{"row": {"0": 0, "1": 1, "2": 3, "3": 2, "4": 6, "5": 7, "6": 3, "7": 5, "8": 10, "9": 4, "10": 4, "11": 5, "12": 6, "13": 6, "14": 7, "15": 8, "16": 2, "17": 4}, "col": {"0": 1, "1": 2, "2": 2, "3": 4, "4": 2, "5": 2, "6": 0, "7": 3, "8": 3, "9": 0, "10": 8, "11": 2, "12": 4, "13": 9, "14": 5, "15": 3, "16": 9, "17": 10}, "components": {"0": "r", "1": "r", "2": "r", "3": "r", "4": "r", "5": "r", "6": "r", "7": "r", "8": "r", "9": "r", "10": "d", "11": "r", "12": "v", "13": "r", "14": "r", "15": "r", "16": "r", "17": "r"}, "resistances": {"0": 3500.0, "1": 2800.0, "2": 1400.0, "3": 7800.0, "4": 3200.0, "5": 2500.0, "6": 300.0, "7": 2400.0, "8": 9400.0, "9": 5600.0, "10": NaN, "11": 9000.0, "12": NaN, "13": 8700.0, "14": 600.0, "15": 4600.0, "16": 7400.0, "17": 3800.0}, "edge_voltage": {"0": -0.7003057599067688, "1": -0.560244619846344, "2": -1.1652781292796135, "3": 4.159467577934265, "4": 4.840532422065735, "5": -0.46046292781829834, "6": 0.0952722504734993, "7": 0.5943040773272514, "8": -2.132225699722767, "9": -2.8989171981811523, "10": -0.5306065082550049, "11": -0.5709740519523621, "12": 9.0, "13": 2.6156914234161377, "14": 0.11051112413406372, "15": -2.4635829403996468, "16": -2.224840998649597, "17": -0.8619637489318848}, "edge_current": {"0": 0.00020008735009469092, "1": 0.00020008735009469092, "2": 0.0008323414949700236, "3": -0.0005332650616765022, "4": -0.0015126664657145739, "5": 0.00018418514810036868, "6": -0.00031757415854372084, "7": -0.000247626710915938, "8": 0.00022683253337163478, "9": 0.0005176637787371874, "10": 0.0005355607718229294, "11": 6.344155553961173e-05, "12": 0.0018133205594494939, "13": -0.0003006541810464114, "14": -0.00018418514810036868, "15": 0.0005355615285225213, "16": 0.0003006541810464114, "17": 0.00022683253337163478}, "voltage": -9}