{"row": {"0": 0, "1": 0, "2": 7, "3": 1, "4": 1, "5": 1, "6": 3, "7": 4, "8": 0, "9": 4, "10": 1, "11": 3, "12": 6, "13": 4, "14": 10, "15": 8, "16": 5, "17": 6}, "col": {"0": 1, "1": 5, "2": 0, "3": 2, "4": 6, "5": 9, "6": 2, "7": 2, "8": 3, "9": 0, "10": 5, "11": 6, "12": 8, "13": 7, "14": 7, "15": 2, "16": 9, "17": 10}, "components": {"0": "r", "1": "r", "2": "r", "3": "r", "4": "r", "5": "r", "6": "r", "7": "v", "8": "r", "9": "r", "10": "r", "11": "r", "12": "r", "13": "d", "14": "r", "15": "r", "16": "r", "17": "r"}, "resistances": {"0": 2700.0, "1": 9400.0, "2": 4600.0, "3": 5500.0, "4": 2700.0, "5": 7600.0, "6": 7100.0, "7": NaN, "8": 5400.0, "9": 400.0, "10": 6800.0, "11": 7100.0, "12": 1200.0, "13": NaN, "14": 5300.0, "15": 400.0, "16": 5300.0, "17": 6700.0}, "edge_voltage": {"0": -7.998847484588623, "1": -5.427726745605469, "2": -1.3966681957244873, "3": -10.021538257598877, "4": -4.638211727142334, "5": 1.5147686004638672, "6": -8.771771430969238, "7": -20.00000011920929, "8": -9.248614311218262, "9": -1.9796143770217896, "10": 2.5711207389831543, "11": -3.3884449005126953, "12": -4.0374956130981445, "13": -0.5829461812973022, "14": 6.198229551315308, "15": -1.3458309173583984, "16": -1.056352138519287, "17": 7.835497856140137}, "edge_current": {"0": 0.0029625361785292625, "1": 0.0005774177261628211, "2": 0.0003036235284525901, "3": 0.0018220978090539575, "4": 0.0017178560374304652, "5": -0.0001993117039091885, "6": 0.001235460746102035, "7": -0.006422132253646851, "8": 0.0017127064056694508, "9": 0.004949036054313183, "10": -0.00037810602225363255, "11": 0.00047724571777507663, "12": 0.003364579053595662, "13": 0.00147310271859169, "14": -0.0011694772401824594, "15": 0.003364579053595662, "16": 0.0001993117039091885, "17": -0.0011694772401824594}, "voltage": 20}