{"row": {"0": 0, "1": 2, "2": 7, "3": 2, "4": 4, "5": 2, "6": 8, "7": 3, "8": 3, "9": 4, "10": 1, "11": 1, "12": 5, "13": 8}, "col": {"0": 1, "1": 1, "2": 1, "3": 3, "4": 2, "5": 5, "6": 2, "7": 0, "8": 6, "9": 1, "10": 5, "11": 6, "12": 7, "13": 5}, "components": {"0": "r", "1": "r", "2": "r", "3": "v", "4": "r", "5": "r", "6": "r", "7": "r", "8": "d", "9": "r", "10": "r", "11": "r", "12": "r", "13": "r"}, "resistances": {"0": 1400.0, "1": 4900.0, "2": 5200.0, "3": NaN, "4": 3500.0, "5": 7600.0, "6": 7100.0, "7": 3900.0, "8": NaN, "9": 2900.0, "10": 8100.0, "11": 8900.0, "12": 1600.0, "13": 2600.0}, "edge_voltage": {"0": 3.995830774307251, "1": -5.872895956039429, "2": -2.086195707321167, "3": -21.0, "4": 3.211740016937256, "5": -3.14479398727417, "6": 2.3018593788146973, "7": 11.13127326965332, "8": 15.12692928314209, "9": -2.661155939102173, "10": 2.728101968765259, "11": -0.0001747608184814453, "12": -0.6419062614440918, "13": -0.8429346084594727}, "edge_current": {"0": -0.0028541646897792816, "1": 0.001198550220578909, "2": 0.00040119150071404874, "3": -0.002854183316230774, "4": -0.0009176399908028543, "5": 0.0004137886571697891, "6": -0.000324205553624779, "7": -0.002854172606021166, "8": -2.9802322387695312e-08, "9": 0.0009176399908028543, "10": -0.0003368027391843498, "11": 1.964064111348307e-08, "12": 0.00040119150071404874, "13": 0.000324205553624779}, "voltage": 21}