{"row": {"0": 1, "1": 0, "2": 8, "3": 1, "4": 5, "5": 3, "6": 0, "7": 3, "8": 7, "9": 4, "10": 2, "11": 4, "12": 4, "13": 8}, "col": {"0": 0, "1": 4, "2": 0, "3": 2, "4": 1, "5": 2, "6": 3, "7": 6, "8": 3, "9": 2, "10": 5, "11": 6, "12": 7, "13": 2}, "components": {"0": "r", "1": "d", "2": "r", "3": "r", "4": "r", "5": "r", "6": "r", "7": "d", "8": "r", "9": "r", "10": "v", "11": "d", "12": "r", "13": "r"}, "resistances": {"0": 7700.0, "1": NaN, "2": 6900.0, "3": 5700.0, "4": 8300.0, "5": 1500.0, "6": 900.0, "7": NaN, "8": 3900.0, "9": 2200.0, "10": NaN, "11": NaN, "12": 7400.0, "13": 6900.0}, "edge_voltage": {"0": -0.9648076295852661, "1": -0.21463674306869507, "2": 0.12017015367746353, "3": -1.2051479369401932, "4": -2.794852137565613, "5": -0.1443004533648491, "6": -0.09603985399007797, "7": -0.030879072844982147, "8": 0.040931664407253265, "9": -0.025703564286231995, "10": 4.000000074505806, "11": 0.08771781623363495, "12": 0.07766522467136383, "13": -0.12017015367746353}, "edge_current": {"0": 0.00012529970263130963, "1": 1.1739321053028107e-06, "2": -1.74159631569637e-05, "3": 0.00021142946206964552, "4": 0.00033672916470095515, "5": 9.620029595680535e-05, "6": 0.00010671094787539914, "7": 1.5599653124809265e-08, "8": -1.0495300557522569e-05, "9": 1.1683434422593564e-05, "10": 0.00033672916470095515, "11": -1.57160684466362e-08, "12": -1.0495300557522569e-05, "13": 1.74159631569637e-05}, "voltage": -4}