{"row": {"0": 0, "1": 4, "2": 8, "3": 1, "4": 6, "5": 3, "6": 2, "7": 0, "8": 5, "9": 3, "10": 1, "11": 2, "12": 0, "13": 6, "14": 1, "15": 11, "16": 2, "17": 2, "18": 6, "19": 8}, "col": {"0": 1, "1": 0, "2": 0, "3": 2, "4": 1, "5": 2, "6": 10, "7": 3, "8": 3, "9": 7, "10": 4, "11": 5, "12": 6, "13": 9, "14": 7, "15": 7, "16": 8, "17": 9, "18": 10, "19": 11}, "components": {"0": "r", "1": "r", "2": "r", "3": "r", "4": "d", "5": "r", "6": "r", "7": "d", "8": "r", "9": "r", "10": "r", "11": "r", "12": "r", "13": "r", "14": "r", "15": "r", "16": "v", "17": "r", "18": "r", "19": "r"}, "resistances": {"0": 2300.0, "1": 7800.0, "2": 8700.0, "3": 3900.0, "4": NaN, "5": 9300.0, "6": 8600.0, "7": NaN, "8": 1100.0, "9": 8800.0, "10": 8800.0, "11": 5200.0, "12": 2100.0, "13": 9700.0, "14": 5600.0, "15": 1500.0, "16": NaN, "17": 1300.0, "18": 900.0, "19": 5400.0}, "edge_voltage": {"0": 0.5057076215744019, "1": -0.23762165009975433, "2": 5.356008052825928, "3": 2.1382840871810913, "4": -0.26137053966522217, "5": 1.1436436176300049, "6": -1.6991006731987, "7": 1.5003480911254883, "8": -0.19968390464782715, "9": -2.679465889930725, "10": -0.2680859714746475, "11": -0.9439597129821777, "12": 0.767078161239624, "13": 1.6550965309143066, "14": -1.6848254203796387, "15": 0.9080196619033813, "16": -7.999999761581421, "17": -0.2218170166015625, "18": 0.1778128743171692, "19": 3.2688705921173096}, "edge_current": {"0": -0.00021987287618685514, "1": 3.046431447728537e-05, "2": -0.0006156331510283053, "3": -0.0005482779815793037, "4": 2.9187649488449097e-06, "5": -0.00012297244393266737, "6": 0.00019756985420826823, "7": -1.4901161193847656e-08, "8": 0.0001815307477954775, "9": 0.00030448476900346577, "10": 3.046431447728537e-05, "11": 0.0001815307477954775, "12": -0.0003652753075584769, "13": -0.00017062851111404598, "14": 0.00030086166225373745, "15": -0.0006053464603610337, "16": -0.001220979611389339, "17": 0.00017062851111404598, "18": -0.00019756985420826823, "19": -0.0006053464603610337}, "voltage": 8}