{"row": {"0": 1, "1": 0, "2": 1, "3": 1, "4": 1, "5": 2, "6": 9, "7": 3, "8": 3, "9": 3, "10": 2, "11": 2, "12": 6, "13": 7, "14": 7, "15": 4, "16": 1, "17": 10}, "col": {"0": 0, "1": 7, "2": 2, "3": 4, "4": 5, "5": 3, "6": 2, "7": 0, "8": 6, "9": 8, "10": 4, "11": 5, "12": 1, "13": 2, "14": 10, "15": 8, "16": 9, "17": 6}, "components": {"0": "r", "1": "r", "2": "r", "3": "r", "4": "r", "5": "r", "6": "d", "7": "r", "8": "r", "9": "r", "10": "r", "11": "d", "12": "r", "13": "d", "14": "r", "15": "r", "16": "r", "17": "v"}, "resistances": {"0": 1300.0, "1": 5400.0, "2": 100.0, "3": 100.0, "4": 100.0, "5": 1200.0, "6": NaN, "7": 1200.0, "8": 4300.0, "9": 6900.0, "10": 1900.0, "11": NaN, "12": 1100.0, "13": NaN, "14": 5300.0, "15": 8200.0, "16": 1500.0, "17": NaN}, "edge_voltage": {"0": -0.05664893984794617, "1": 1.0353682041168213, "2": 0.3419170677661896, "3": 0.014869384467601776, "4": 0.0013573728501796722, "5": -0.6809392273426056, "6": 0.3418889082968235, "7": 0.28237321972846985, "8": -3.5526466071605682, "9": 0.16171202063560486, "10": -0.3270476832985878, "11": -0.3405596949160099, "12": 3.8916687667369843, "13": -0.6368021965026855, "14": 23.12961173057556, "15": -0.19217952340841293, "16": 2.815946936607361e-05, "17": -27.99999976158142}, "edge_current": {"0": 4.357610669103451e-05, "1": -0.0001917348417919129, "2": -0.0034191706217825413, "3": -0.0001486938272137195, "4": -1.3573723663284909e-05, "5": 0.0005674493731930852, "6": -1.862645149230957e-08, "7": -0.00023531103215646, "8": 0.0008261969196610153, "9": -2.3436527044395916e-05, "10": 0.0001721303560771048, "11": 1.3574957847595215e-05, "12": -0.0035378807224333286, "13": 0.0041723474860191345, "14": -0.0043640779331326485, "15": 2.3436527044395916e-05, "16": -1.8773633314594917e-08, "17": -0.004364077467471361}, "voltage": 28}