{"row": {"0": 1, "1": 4, "2": 0, "3": 0, "4": 2, "5": 5, "6": 3, "7": 0, "8": 4, "9": 0, "10": 6, "11": 7}, "col": {"0": 0, "1": 0, "2": 6, "3": 7, "4": 1, "5": 1, "6": 2, "7": 3, "8": 1, "9": 5, "10": 3, "11": 5}, "components": {"0": "r", "1": "r", "2": "r", "3": "d", "4": "r", "5": "r", "6": "d", "7": "r", "8": "v", "9": "r", "10": "d", "11": "d"}, "resistances": {"0": 5800.0, "1": 7100.0, "2": 7600.0, "3": NaN, "4": 10000.0, "5": 200.0, "6": NaN, "7": 9200.0, "8": NaN, "9": 3200.0, "10": NaN, "11": NaN}, "edge_voltage": {"0": 2.2724149227142334, "1": -38.72758483886719, "2": -0.2934573292732239, "3": -0.6412685513496399, "4": -1.1340514421463013, "5": -0.9898778200149536, "6": -0.4503099322319031, "7": -0.688053548336029, "8": -40.99999976158142, "9": -1.2825371026992798, "10": -0.3945962190628052, "11": -0.6412685513496399}, "edge_current": {"0": -0.00039179567829705775, "1": 0.0054545896127820015, "2": 3.861280492856167e-05, "3": 0.0045485906302928925, "4": 0.0001134051417466253, "5": 0.004949388559907675, "6": 0.00011340528726577759, "7": 7.478842599084601e-05, "8": -0.0054545896127820015, "9": 0.00040079286554828286, "10": 3.8613565266132355e-05, "11": 0.0045485906302928925}, "voltage": 41}