{"row": {"0": 1, "1": 0, "2": 2, "3": 4, "4": 3, "5": 2, "6": 8, "7": 3, "8": 10, "9": 4, "10": 6, "11": 5, "12": 5, "13": 6, "14": 7, "15": 4, "16": 9, "17": 10}, "col": {"0": 0, "1": 7, "2": 1, "3": 1, "4": 2, "5": 5, "6": 2, "7": 0, "8": 3, "9": 0, "10": 4, "11": 3, "12": 9, "13": 2, "14": 3, "15": 8, "16": 1, "17": 4}, "components": {"0": "r", "1": "v", "2": "d", "3": "r", "4": "r", "5": "r", "6": "r", "7": "r", "8": "d", "9": "r", "10": "r", "11": "r", "12": "r", "13": "r", "14": "d", "15": "r", "16": "r", "17": "r"}, "resistances": {"0": 1200.0, "1": NaN, "2": NaN, "3": 9300.0, "4": 3000.0, "5": 5900.0, "6": 700.0, "7": 8100.0, "8": NaN, "9": 3300.0, "10": 9800.0, "11": 1100.0, "12": 8000.0, "13": 4500.0, "14": NaN, "15": 3400.0, "16": 1000.0, "17": 2700.0}, "edge_voltage": {"0": 7.2402035584673285e-06, "1": -3.0, "2": 3.3740441722329706e-05, "3": 1.1608091881498694e-05, "4": 1.618734677322209e-05, "5": -9.21820173971355e-06, "6": -3.7786921893712133e-06, "7": 5.716799205401912e-05, "8": -3.828207263723016e-05, "9": 1.8848295439966023e-05, "10": 1.5167628589551896e-05, "11": -6.969145033508539e-06, "12": 3.818546065303963e-05, "13": -6.964721251279116e-06, "14": 2.999942832007946, "15": -1.8353657651459798e-05, "16": 4.773182809003629e-06, "17": 3.7623976822942495e-08}, "edge_current": {"0": -6.0335034746117344e-09, "1": -1.4901161193847656e-08, "2": -1.2278178473934531e-11, "3": -1.2481817801557327e-09, "4": -5.3957824874828475e-09, "5": 1.5624066485031562e-09, "6": 5.3981343839382134e-09, "7": -7.0577770294733e-09, "8": 1.3642420526593924e-11, "9": -5.711604522673497e-09, "10": -1.547716843575131e-09, "11": 6.335588942363302e-09, "12": -4.773182293860145e-09, "13": 1.547716843575131e-09, "14": -1.4901161193847656e-08, "15": 5.3981343839382134e-09, "16": -4.773182293860145e-09, "17": -1.3935157715250224e-11}, "voltage": 3}