{"row": {"0": 0, "1": 4, "2": 1, "3": 8, "4": 3, "5": 7, "6": 0, "7": 5, "8": 6, "9": 1, "10": 5, "11": 6, "12": 6, "13": 1, "14": 0, "15": 4}, "col": {"0": 1, "1": 0, "2": 2, "3": 1, "4": 2, "5": 2, "6": 3, "7": 3, "8": 3, "9": 4, "10": 2, "11": 4, "12": 9, "13": 7, "14": 8, "15": 9}, "components": {"0": "d", "1": "r", "2": "d", "3": "r", "4": "r", "5": "r", "6": "d", "7": "r", "8": "r", "9": "r", "10": "r", "11": "d", "12": "r", "13": "r", "14": "v", "15": "r"}, "resistances": {"0": NaN, "1": 1400.0, "2": NaN, "3": 9400.0, "4": 4200.0, "5": 1000.0, "6": NaN, "7": 3500.0, "8": 2500.0, "9": 5800.0, "10": 600.0, "11": NaN, "12": 4500.0, "13": 7600.0, "14": NaN, "15": 5700.0}, "edge_voltage": {"0": -0.6381967663764954, "1": 0.1415010243654251, "2": 0.24233105778694153, "3": 41.361803233623505, "4": -0.05849957466125488, "5": 0.028178036212921143, "6": -0.33736613392829895, "7": 0.04993867874145508, "8": -0.03859362006187439, "9": 0.49669574201107025, "10": -0.008560895919799805, "11": 0.15727148950099945, "12": 0.06938447058200836, "13": 0.21415302157402039, "14": -42.0, "15": -0.08788701891899109}, "edge_current": {"0": 0.004286359995603561, "1": -0.00010107216075994074, "2": -1.7695128917694092e-08, "3": -0.004400191828608513, "4": 1.3928470252722036e-05, "5": -2.8178032152936794e-05, "6": 1.2760981917381287e-05, "7": -1.4268189261201769e-05, "8": 1.543744838272687e-05, "9": -8.563719893572852e-05, "10": 1.4268189261201769e-05, "11": -1.7695128917694092e-08, "12": -1.541877463751007e-05, "13": -2.8178032152936794e-05, "14": -0.004400191828608513, "15": 1.541877463751007e-05}, "voltage": 42}