{"row": {"0": 0, "1": 2, "2": 1, "3": 1, "4": 3, "5": 5, "6": 2, "7": 0, "8": 2, "9": 5, "10": 6, "11": 4}, "col": {"0": 1, "1": 1, "2": 4, "3": 6, "4": 2, "5": 2, "6": 7, "7": 3, "8": 4, "9": 3, "10": 4, "11": 7}, "components": {"0": "d", "1": "v", "2": "d", "3": "r", "4": "r", "5": "r", "6": "d", "7": "r", "8": "r", "9": "d", "10": "r", "11": "r"}, "resistances": {"0": NaN, "1": NaN, "2": NaN, "3": 1800.0, "4": 8200.0, "5": 4500.0, "6": NaN, "7": 1400.0, "8": 300.0, "9": NaN, "10": 8100.0, "11": 2700.0}, "edge_voltage": {"0": -0.6596309542655945, "1": -28.999999225139618, "2": 28.185485064983368, "3": 5.124633491039276, "4": 19.258689880371094, "5": 18.62231159210205, "6": -0.4581565856933594, "7": 9.08167839050293, "8": -0.81451416015625, "9": -0.636378288269043, "10": 23.060851573944092, "11": 0.3563575744628906}, "edge_current": {"0": 0.006486993283033371, "1": -0.009334027767181396, "2": 0.0, "3": -0.002847018651664257, "4": -0.0023486206773668528, "5": -0.00413829181343317, "6": 0.00013198424130678177, "7": -0.006486913189291954, "8": 0.002715052803978324, "9": 0.004138365387916565, "10": -0.002847018651664257, "11": -0.00013198454689700156}, "voltage": 29}