{"row": {"0": 0, "1": 6, "2": 0, "3": 2, "4": 5, "5": 3, "6": 2, "7": 8, "8": 0, "9": 7, "10": 1, "11": 0, "12": 6, "13": 7, "14": 8, "15": 9}, "col": {"0": 1, "1": 0, "2": 9, "3": 1, "4": 1, "5": 2, "6": 4, "7": 2, "8": 3, "9": 3, "10": 4, "11": 5, "12": 2, "13": 5, "14": 3, "15": 3}, "components": {"0": "r", "1": "r", "2": "r", "3": "r", "4": "r", "5": "v", "6": "r", "7": "r", "8": "r", "9": "r", "10": "d", "11": "r", "12": "r", "13": "r", "14": "r", "15": "r"}, "resistances": {"0": 1100.0, "1": 7100.0, "2": 1200.0, "3": 4900.0, "4": 6900.0, "5": NaN, "6": 5200.0, "7": 10000.0, "8": 2300.0, "9": 9400.0, "10": NaN, "11": 3100.0, "12": 8200.0, "13": 3000.0, "14": 1100.0, "15": 7400.0}, "edge_voltage": {"0": -2.212942600250244, "1": 3.900609016418457, "2": 0.6410877704620361, "3": 6.1925950050354, "4": -2.303801953792572, "5": -13.0, "6": 5.625617504119873, "7": -11.711711645126343, "8": 4.5944623947143555, "9": 3.414021611213684, "10": -0.5669775009155273, "11": 0.09085935354232788, "12": -4.5049285888671875, "13": -1.0895814299583435, "14": 1.2882883548736572, "15": 3.9533746242523193}, "edge_current": {"0": 0.0020117659587413073, "1": -0.0005493815406225622, "2": -0.0005342398071661592, "3": -0.0012637949548661709, "4": 0.00033388432348147035, "5": -0.0040661972016096115, "6": -0.0010818495647981763, "7": 0.001171171199530363, "8": -0.001997592393308878, "9": -0.00036319380160421133, "10": 0.0010818541049957275, "11": -2.9309469027793966e-05, "12": 0.0005493815406225622, "13": 0.00036319380160421133, "14": -0.001171171199530363, "15": -0.0005342398071661592}, "voltage": 13}