{"row": {"0": 0, "1": 7, "2": 8, "3": 11, "4": 1, "5": 1, "6": 2, "7": 4, "8": 2, "9": 2, "10": 3, "11": 10, "12": 4, "13": 5, "14": 6, "15": 5, "16": 8, "17": 5, "18": 10, "19": 11}, "col": {"0": 1, "1": 0, "2": 0, "3": 0, "4": 2, "5": 5, "6": 3, "7": 2, "8": 6, "9": 9, "10": 0, "11": 3, "12": 1, "13": 0, "14": 0, "15": 7, "16": 2, "17": 9, "18": 2, "19": 7}, "components": {"0": "d", "1": "r", "2": "r", "3": "r", "4": "r", "5": "r", "6": "r", "7": "r", "8": "r", "9": "v", "10": "r", "11": "r", "12": "r", "13": "r", "14": "d", "15": "r", "16": "d", "17": "r", "18": "r", "19": "r"}, "resistances": {"0": NaN, "1": 2900.0, "2": 900.0, "3": 2000.0, "4": 3000.0, "5": 8900.0, "6": 4200.0, "7": 7100.0, "8": 8000.0, "9": NaN, "10": 300.0, "11": 5300.0, "12": 4700.0, "13": 6800.0, "14": NaN, "15": 9200.0, "16": NaN, "17": 3100.0, "18": 200.0, "19": 4700.0}, "edge_voltage": {"0": 1.207300066947937, "1": 1.2318499088287354, "2": -2.084902189380955e-05, "3": 0.36771640181541443, "4": 2.1604338884353638, "5": -8.038583159446716, "6": -2.990951716899872, "7": 1.299921989440918, "8": -2.858068108558655, "9": -18.0, "10": -0.37678223848342896, "11": -2.882189929485321, "12": -0.8605118989944458, "13": 6.831283092498779, "14": -0.509665846824646, "15": 5.599433183670044, "16": 3.367713106361407, "17": -7.80098295211792, "18": 0.10876178741455078, "19": -0.8641335070133209}, "edge_current": {"0": -2.2351741790771484e-08, "1": -0.0004247758479323238, "2": 2.316557967674271e-08, "3": -0.00018385819566901773, "4": -0.0007201446569524705, "5": 0.0009032115922309458, "6": 0.0007121313828974962, "7": -0.0001830876135500148, "8": 0.00035725851194001734, "9": -0.0025164461694657803, "10": 0.001255940762348473, "11": 0.0005438093794509768, "12": 0.0001830876135500148, "13": -0.0010046004317700863, "14": 0.00035725999623537064, "15": -0.0006086340290494263, "16": -2.2351741790771484e-08, "17": 0.0025164461694657803, "18": -0.0005438093794509768, "19": 0.00018385819566901773}, "voltage": 18}