{"row": {"0": 1, "1": 2, "2": 4, "3": 5, "4": 3, "5": 0, "6": 4, "7": 4, "8": 3, "9": 5, "10": 0, "11": 7}, "col": {"0": 0, "1": 1, "2": 1, "3": 1, "4": 2, "5": 3, "6": 2, "7": 6, "8": 5, "9": 7, "10": 6, "11": 2}, "components": {"0": "r", "1": "r", "2": "r", "3": "r", "4": "r", "5": "v", "6": "r", "7": "r", "8": "r", "9": "r", "10": "r", "11": "r"}, "resistances": {"0": 500.0, "1": 1400.0, "2": 9800.0, "3": 7700.0, "4": 6700.0, "5": NaN, "6": 8800.0, "7": 9500.0, "8": 6000.0, "9": 1400.0, "10": 3800.0, "11": 3200.0}, "edge_voltage": {"0": 3.6278798580169678, "1": 7.244827508926392, "2": 1.8926398754119873, "3": 14.535721063613892, "4": 28.12729263305664, "5": -39.0, "6": -5.352187633514404, "7": 3.9432283639907837, "8": 20.83639907836914, "9": 2.218966484069824, "10": -1.5772913694381714, "11": 5.071927070617676}, "edge_current": {"0": -0.007255759555846453, "1": -0.005174877122044563, "2": -0.00019312651420477778, "3": -0.0018877560505643487, "4": -0.004198103211820126, "5": -0.0076708365231752396, "6": 0.0006082031759433448, "7": -0.0004150766762904823, "8": -0.0034727330785244703, "9": -0.0015849769115447998, "10": 0.0004150766762904823, "11": -0.0015849769115447998}, "voltage": 39}