{"row": {"0": 1, "1": 0, "2": 6, "3": 2, "4": 3, "5": 7, "6": 11, "7": 0, "8": 3, "9": 8, "10": 1, "11": 5, "12": 5, "13": 4, "14": 10, "15": 7, "16": 8, "17": 9, "18": 10, "19": 11}, "col": {"0": 0, "1": 4, "2": 0, "3": 1, "4": 2, "5": 2, "6": 2, "7": 3, "8": 5, "9": 3, "10": 4, "11": 0, "12": 9, "13": 6, "14": 6, "15": 5, "16": 0, "17": 0, "18": 3, "19": 4}, "components": {"0": "v", "1": "r", "2": "r", "3": "d", "4": "r", "5": "d", "6": "r", "7": "r", "8": "r", "9": "r", "10": "r", "11": "r", "12": "d", "13": "d", "14": "r", "15": "r", "16": "d", "17": "r", "18": "r", "19": "r"}, "resistances": {"0": NaN, "1": 9500.0, "2": 5400.0, "3": NaN, "4": 8400.0, "5": NaN, "6": 9100.0, "7": 6700.0, "8": 7600.0, "9": 5700.0, "10": 3200.0, "11": 2600.0, "12": NaN, "13": NaN, "14": 2200.0, "15": 2800.0, "16": NaN, "17": 3500.0, "18": 3300.0, "19": 8300.0}, "edge_voltage": {"0": -5.0, "1": 2.338468074798584, "2": -1.8089289665222168, "3": 3.7220860719680786, "4": 0.5119898319244385, "5": 1.0840220153331757, "6": -0.5546576976776123, "7": 0.7659240961074829, "8": -0.5720848590135574, "9": 0.34768590331077576, "10": -2.661531925201416, "11": -0.19383923709392548, "12": -0.1912513105198741, "13": -0.5295391082763672, "14": 0.4172022342681885, "15": -5.2675604820251465e-05, "16": -0.41823819279670715, "17": -0.00258792657405138, "18": -0.6258026361465454, "19": 0.5058964490890503}, "edge_current": {"0": -0.0008317346801050007, "1": -0.00024615455185994506, "2": 0.00033498683478683233, "3": -1.4901161193847656e-08, "4": -6.095116987125948e-05, "5": -1.862645149230957e-08, "6": 6.095139178796671e-05, "7": -0.00011431693565100431, "8": 7.527430716436356e-05, "9": -6.099741949583404e-05, "10": 0.0008317279862239957, "11": 7.455355080310255e-05, "12": 7.394701242446899e-07, "13": 0.0005246279761195183, "14": -0.00018963735783472657, "15": 1.881340239151541e-08, "16": 6.099976599216461e-05, "17": 7.394261274384917e-07, "18": 0.00018963735783472657, "19": -6.095139178796671e-05}, "voltage": 5}