{"row": {"0": 1, "1": 1, "2": 1, "3": 6, "4": 2, "5": 2, "6": 2, "7": 0, "8": 2, "9": 3, "10": 6, "11": 7}, "col": {"0": 0, "1": 2, "2": 4, "3": 1, "4": 3, "5": 5, "6": 7, "7": 3, "8": 4, "9": 5, "10": 4, "11": 4}, "components": {"0": "r", "1": "r", "2": "r", "3": "d", "4": "r", "5": "r", "6": "d", "7": "d", "8": "r", "9": "v", "10": "r", "11": "r"}, "resistances": {"0": 2900.0, "1": 6300.0, "2": 9600.0, "3": NaN, "4": 3900.0, "5": 4500.0, "6": NaN, "7": NaN, "8": 9300.0, "9": NaN, "10": 3200.0, "11": 4100.0}, "edge_voltage": {"0": 5.453882840811275e-05, "1": -8.878436710801907e-05, "2": -4.509440259425901e-05, "3": 4.5042146666673943e-05, "4": 6.499960694563924, "5": -7.500039305436076, "6": 4.362512117950246e-05, "7": 6.499817371368408, "8": 4.368996451376006e-05, "9": -14.0, "10": -5.2255927585065365e-08, "11": 6.484333425760269e-08}, "edge_current": {"0": -1.8806492363410143e-08, "1": 1.4092755407091317e-08, "2": 4.697333189085384e-09, "3": -1.659827830735594e-11, "4": -0.0016666565788909793, "5": 0.0016666754381731153, "6": -1.659827830735594e-11, "7": 0.0, "8": -4.697845223944341e-09, "9": -0.0016666501760482788, "10": 1.6328795954256847e-11, "11": -1.5816755891129297e-11}, "voltage": 14}