{"row": {"0": 1, "1": 0, "2": 1, "3": 4, "4": 1, "5": 3, "6": 9, "7": 0, "8": 3, "9": 8, "10": 4, "11": 2, "12": 1, "13": 7, "14": 7, "15": 4, "16": 9, "17": 6}, "col": {"0": 0, "1": 7, "2": 2, "3": 1, "4": 5, "5": 2, "6": 2, "7": 3, "8": 6, "9": 3, "10": 2, "11": 5, "12": 6, "13": 2, "14": 10, "15": 8, "16": 1, "17": 10}, "components": {"0": "r", "1": "r", "2": "r", "3": "r", "4": "r", "5": "r", "6": "r", "7": "r", "8": "r", "9": "d", "10": "d", "11": "d", "12": "v", "13": "r", "14": "d", "15": "r", "16": "r", "17": "r"}, "resistances": {"0": 8300.0, "1": 6700.0, "2": 5200.0, "3": 9700.0, "4": 6400.0, "5": 8100.0, "6": 1200.0, "7": 6500.0, "8": 5000.0, "9": NaN, "10": NaN, "11": NaN, "12": NaN, "13": 3400.0, "14": NaN, "15": 8000.0, "16": 6900.0, "17": 5000.0}, "edge_voltage": {"0": -9.823395729064941, "1": -3.572883367538452, "2": -7.729390859603882, "3": 7.427418231964111, "4": -0.00014209747314453125, "5": 6.32091212272644, "6": -1.145094871520996, "7": -4.226907253265381, "8": -10.949697017669678, "9": -0.5486629009246826, "10": -0.3019726276397705, "11": 7.729248762130737, "12": -25.0, "13": 5.666888236999512, "14": -0.6036942005157471, "15": -6.074221849441528, "16": 6.584295988082886, "17": 11.00002670288086}, "edge_current": {"0": 0.0011835433542728424, "1": 0.0005332661676220596, "2": 0.0014864214463159442, "3": -0.0007657132809981704, "4": 2.232118667677696e-08, "5": -0.000780359492637217, "6": 0.0009542458574287593, "7": 0.0006502934265881777, "8": 0.0021899393759667873, "9": 0.0007592812180519104, "10": 6.427522748708725e-06, "11": -2.2351741790771484e-08, "12": -0.004389944486320019, "13": -0.0016667317831888795, "14": 0.0021999813616275787, "15": 0.0007592777255922556, "16": -0.0009542458574287593, "17": -0.0022000051103532314}, "voltage": 25}