{"row": {"0": 1, "1": 0, "2": 2, "3": 1, "4": 3, "5": 4, "6": 0, "7": 6, "8": 7, "9": 9, "10": 4, "11": 5, "12": 6, "13": 7, "14": 5, "15": 9}, "col": {"0": 0, "1": 5, "2": 1, "3": 8, "4": 2, "5": 2, "6": 3, "7": 3, "8": 3, "9": 3, "10": 0, "11": 2, "12": 0, "13": 2, "14": 8, "15": 2}, "components": {"0": "r", "1": "r", "2": "r", "3": "r", "4": "r", "5": "v", "6": "r", "7": "r", "8": "r", "9": "r", "10": "r", "11": "d", "12": "r", "13": "r", "14": "d", "15": "r"}, "resistances": {"0": 5200.0, "1": 600.0, "2": 7900.0, "3": 4400.0, "4": 5500.0, "5": NaN, "6": 6100.0, "7": 1900.0, "8": 5100.0, "9": 7500.0, "10": 8500.0, "11": NaN, "12": 5200.0, "13": 10000.0, "14": NaN, "15": 6800.0}, "edge_voltage": {"0": 0.6336029767990112, "1": -1.0063817501068115, "2": 0.9624425172805786, "3": -8.249282836914062e-05, "4": -0.7811163067817688, "5": -18.999999046325684, "6": -0.814929187297821, "7": -0.21807962656021118, "8": 0.26382023096084595, "9": 0.409675657749176, "10": -17.403953552246094, "11": -0.5896637439727783, "12": 0.5968495607376099, "13": -0.5172960758209229, "14": 0.37269628047943115, "15": -0.3714406490325928}, "edge_current": {"0": -0.00012184672232251614, "1": 0.0016773029929026961, "2": -0.00012182797217974439, "3": 1.8753638642010628e-08, "4": 0.0001420208573108539, "5": -0.0020475229248404503, "6": 0.00013359496369957924, "7": 0.00011477876250864938, "8": -5.172945384401828e-05, "9": -5.4623407777398825e-05, "10": 0.0020475240889936686, "11": 0.0016773305833339691, "12": -0.00011477876250864938, "13": 5.172945384401828e-05, "14": -1.862645149230957e-08, "15": 5.4623407777398825e-05}, "voltage": 19}