{"row": {"0": 0, "1": 4, "2": 2, "3": 8, "4": 3, "5": 7, "6": 0, "7": 3, "8": 3, "9": 4, "10": 2, "11": 6, "12": 6, "13": 1, "14": 0, "15": 4}, "col": {"0": 1, "1": 0, "2": 1, "3": 1, "4": 2, "5": 2, "6": 3, "7": 5, "8": 6, "9": 1, "10": 5, "11": 4, "12": 9, "13": 7, "14": 8, "15": 9}, "components": {"0": "r", "1": "v", "2": "d", "3": "r", "4": "r", "5": "r", "6": "d", "7": "r", "8": "r", "9": "r", "10": "r", "11": "r", "12": "r", "13": "r", "14": "r", "15": "r"}, "resistances": {"0": 800.0, "1": NaN, "2": NaN, "3": 8200.0, "4": 8900.0, "5": 8100.0, "6": NaN, "7": 9900.0, "8": 9400.0, "9": 9500.0, "10": 3600.0, "11": 8800.0, "12": 8900.0, "13": 10000.0, "14": 5100.0, "15": 1000.0}, "edge_voltage": {"0": -0.5870012640953064, "1": 8.0, "2": -0.043535470962524414, "3": -0.36191055178642273, "4": -0.01303565502166748, "5": 0.019482731819152832, "6": -0.5304301381111145, "7": -0.0095595121383667, "8": -4.994298160076141, "9": 7.412998735904694, "10": 0.0034761428833007812, "11": -2.475271701812744, "12": -2.2252440452575684, "13": 0.024052739143371582, "14": -0.22509071230888367, "15": 0.2500276565551758}, "edge_current": {"0": 0.0007337515708059072, "1": 0.0013116239570081234, "2": 1.909211277961731e-08, "3": 4.413543501868844e-05, "4": 1.4646792578787426e-06, "5": -2.4052751541603357e-06, "6": 0.0005337446928024292, "7": 9.656033626015414e-07, "8": 0.0005313082947395742, "9": -0.0007803156622685492, "10": -9.656033626015414e-07, "11": 0.0002812808670569211, "12": 0.0002500274567864835, "13": -2.4052751541603357e-06, "14": 4.413543501868844e-05, "15": -0.0002500274567864835}, "voltage": -8}