{"row": {"0": 0, "1": 0, "2": 0, "3": 2, "4": 1, "5": 1, "6": 3, "7": 3, "8": 1, "9": 2, "10": 6, "11": 3}, "col": {"0": 1, "1": 4, "2": 7, "3": 1, "4": 5, "5": 6, "6": 2, "7": 0, "8": 4, "9": 5, "10": 3, "11": 7}, "components": {"0": "r", "1": "r", "2": "d", "3": "r", "4": "r", "5": "v", "6": "r", "7": "r", "8": "d", "9": "r", "10": "r", "11": "r"}, "resistances": {"0": 800.0, "1": 7300.0, "2": NaN, "3": 8900.0, "4": 2300.0, "5": NaN, "6": 500.0, "7": 8000.0, "8": NaN, "9": 500.0, "10": 8400.0, "11": 5000.0}, "edge_voltage": {"0": 0.9433870911598206, "1": 0.5173850059509277, "2": -0.5464339852333069, "3": 4.151552259922028, "4": -3.410203516483307, "5": -31.99999910593033, "6": 0.9745817184448242, "7": 4.182746887207031, "8": -0.4260020852088928, "9": 0.7413487434387207, "10": 26.873865127563477, "11": 3.6363129019737244}, "edge_current": {"0": -0.001179233891889453, "1": -7.087465928634629e-05, "2": 0.0007272632792592049, "3": -0.00046646653208881617, "4": 0.0014826972037553787, "5": -0.0031992699950933456, "6": -0.0019491637358441949, "7": -0.0005228433874435723, "8": 7.087644189596176e-05, "9": -0.0014826972037553787, "10": -0.003199269762262702, "11": -0.0007272625807672739}, "voltage": 32}