{"row": {"0": 1, "1": 0, "2": 1, "3": 1, "4": 2, "5": 0, "6": 5, "7": 8, "8": 3, "9": 3, "10": 2, "11": 4, "12": 2, "13": 2, "14": 7, "15": 8, "16": 9, "17": 7}, "col": {"0": 0, "1": 4, "2": 2, "3": 6, "4": 3, "5": 3, "6": 3, "7": 3, "8": 9, "9": 10, "10": 4, "11": 7, "12": 5, "13": 6, "14": 3, "15": 1, "16": 7, "17": 10}, "components": {"0": "r", "1": "r", "2": "r", "3": "d", "4": "d", "5": "d", "6": "d", "7": "r", "8": "r", "9": "r", "10": "r", "11": "r", "12": "r", "13": "r", "14": "v", "15": "r", "16": "r", "17": "r"}, "resistances": {"0": 8000.0, "1": 400.0, "2": 4100.0, "3": NaN, "4": NaN, "5": NaN, "6": NaN, "7": 9200.0, "8": 2600.0, "9": 8400.0, "10": 2100.0, "11": 700.0, "12": 1800.0, "13": 9000.0, "14": NaN, "15": 5300.0, "16": 4400.0, "17": 1500.0}, "edge_voltage": {"0": 0.1639442890882492, "1": 11.103675842285156, "2": 0.0773317739367485, "3": 0.07720084488391876, "4": -0.6481840685009956, "5": -0.7347965836524963, "6": -0.44903337955474854, "7": -0.3621959686279297, "8": 13.000000059604645, "9": 29.69697004556656, "10": 11.190288357436657, "11": 23.16152572631836, "12": -0.1991506889462471, "13": -0.00013092905282974243, "14": -34.99999815225601, "15": 0.20865632593631744, "16": 21.999998092651367, "17": -5.303028106689453}, "edge_current": {"0": -2.0493036572588608e-05, "1": -0.027759188786149025, "2": -1.886140671558678e-05, "3": -1.4435499906539917e-08, "4": 0.005199197679758072, "5": 0.02773869037628174, "6": 0.00011063925921916962, "7": 3.9369122532662004e-05, "8": -0.004999999888241291, "9": -0.0035353535786271095, "10": -0.005328708328306675, "11": -0.033087898045778275, "12": 0.00011063927377108485, "13": 1.4546731819109482e-08, "14": -0.04162325710058212, "15": -3.9369122532662004e-05, "16": -0.004999999888241291, "17": 0.0035353535786271095}, "voltage": 35}