{"row": {"0": 0, "1": 0, "2": 2, "3": 8, "4": 3, "5": 4, "6": 3, "7": 3, "8": 7, "9": 9, "10": 4, "11": 5, "12": 0, "13": 2, "14": 5, "15": 9}, "col": {"0": 1, "1": 5, "2": 1, "3": 1, "4": 2, "5": 2, "6": 0, "7": 6, "8": 3, "9": 3, "10": 0, "11": 2, "12": 6, "13": 7, "14": 8, "15": 2}, "components": {"0": "r", "1": "r", "2": "v", "3": "d", "4": "r", "5": "r", "6": "r", "7": "r", "8": "d", "9": "r", "10": "r", "11": "r", "12": "r", "13": "r", "14": "r", "15": "r"}, "resistances": {"0": 3700.0, "1": 7300.0, "2": NaN, "3": NaN, "4": 700.0, "5": 9300.0, "6": 4400.0, "7": 4400.0, "8": NaN, "9": 7300.0, "10": 8500.0, "11": 5800.0, "12": 9700.0, "13": 3900.0, "14": 500.0, "15": 8900.0}, "edge_voltage": {"0": -7.31459903717041, "1": -5.148163795471191, "2": -16.0, "3": -0.6212730407714844, "4": 1.327174186706543, "5": 4.537878036499023, "6": -7.358226776123047, "7": -2.2961840629577637, "8": -0.4837045669555664, "9": -0.5980477333068848, "10": -4.147522926330566, "11": 13.833564758300781, "12": 5.062042713165283, "13": -0.8434696197509766, "14": -1.5451622009277344, "15": 0.7291264533996582}, "edge_current": {"0": 0.00197691866196692, "1": 0.0007052278961054981, "2": -0.005067169666290283, "3": 0.0030903201550245285, "4": -0.001895963097922504, "5": -0.00048794387839734554, "6": 0.0016723242588341236, "7": 0.0005218600854277611, "8": 0.00021624192595481873, "9": 8.192432869691402e-05, "10": 0.00048794387839734554, "11": -0.00238509732298553, "12": -0.0005218600854277611, "13": 0.00021627426031045616, "14": 0.003090325277298689, "15": -8.192432869691402e-05}, "voltage": 16}