{"row": {"0": 1, "1": 1, "2": 3, "3": 2, "4": 6, "5": 7, "6": 3, "7": 5, "8": 3, "9": 0, "10": 8, "11": 2, "12": 4, "13": 6, "14": 5, "15": 8, "16": 9, "17": 4}, "col": {"0": 0, "1": 2, "2": 2, "3": 4, "4": 2, "5": 2, "6": 0, "7": 3, "8": 10, "9": 4, "10": 4, "11": 5, "12": 6, "13": 9, "14": 7, "15": 3, "16": 2, "17": 10}, "components": {"0": "r", "1": "r", "2": "r", "3": "v", "4": "r", "5": "r", "6": "r", "7": "r", "8": "d", "9": "r", "10": "r", "11": "r", "12": "r", "13": "r", "14": "d", "15": "r", "16": "d", "17": "r"}, "resistances": {"0": 2700.0, "1": 6600.0, "2": 5200.0, "3": NaN, "4": 4300.0, "5": 1400.0, "6": 3300.0, "7": 9200.0, "8": NaN, "9": 4000.0, "10": 2900.0, "11": 7100.0, "12": 1100.0, "13": 9800.0, "14": NaN, "15": 5800.0, "16": NaN, "17": 3200.0}, "edge_voltage": {"0": 0.9910418391227722, "1": -2.422546923160553, "2": -2.491093397140503, "3": 6.0, "4": -4.428064346313477, "5": -0.1639266014099121, "6": 0.9224953651428223, "7": 1.8752031326293945, "8": 3.508838653564453, "9": 2.586411237716675, "10": 1.1696354150772095, "11": 0.6158902645111084, "12": -1.5719356536865234, "13": -3.912651538848877, "14": -0.4519636631011963, "15": -2.3392711877822876, "16": -0.5154128074645996, "17": -6.794929504394531e-05}, "edge_current": {"0": -0.00036705253296531737, "1": 0.00036705253296531737, "2": 0.0004790564998984337, "3": 0.002478976733982563, "4": 0.0010297823464497924, "5": 0.00011709031241480261, "6": -0.0002795440668705851, "7": -0.0002038264210568741, "8": -1.4901161193847656e-08, "9": -0.0006466028280556202, "10": -0.00040332251228392124, "11": -8.674510172568262e-05, "12": 0.0014290325343608856, "13": 0.0003992501588072628, "14": 0.00011706911027431488, "15": 0.00040332251228392124, "16": 0.00039923563599586487, "17": 2.1078811585084622e-08}, "voltage": -6}