{"row": {"0": 1, "1": 0, "2": 8, "3": 1, "4": 5, "5": 3, "6": 0, "7": 3, "8": 7, "9": 4, "10": 2, "11": 4, "12": 4, "13": 8}, "col": {"0": 0, "1": 4, "2": 0, "3": 2, "4": 1, "5": 2, "6": 3, "7": 6, "8": 3, "9": 2, "10": 5, "11": 6, "12": 7, "13": 2}, "components": {"0": "r", "1": "d", "2": "r", "3": "r", "4": "r", "5": "r", "6": "r", "7": "d", "8": "r", "9": "r", "10": "v", "11": "d", "12": "r", "13": "r"}, "resistances": {"0": 7700.0, "1": NaN, "2": 6900.0, "3": 5700.0, "4": 8300.0, "5": 1500.0, "6": 900.0, "7": NaN, "8": 3900.0, "9": 2200.0, "10": NaN, "11": NaN, "12": 7400.0, "13": 6900.0}, "edge_voltage": {"0": 0.9636157155036926, "1": 0.2183258831501007, "2": -0.12102767080068588, "3": 1.2056710571050644, "4": 2.7943288683891296, "5": 0.1452278196811676, "6": 0.09682752192020416, "7": 0.09035982191562653, "8": -0.04193305969238281, "9": 0.023729458451271057, "10": -3.999999925494194, "11": -0.03113853931427002, "12": -0.07956530153751373, "13": 0.12102767080068588}, "edge_current": {"0": -0.00012514489935711026, "1": -2.1420419216156006e-08, "2": 1.7540241969982162e-05, "3": -0.00021152124099899083, "4": -0.00033666612580418587, "5": -9.681854135124013e-05, "6": -0.0001075861364370212, "7": -1.5599653124809265e-08, "8": 1.0752067282737698e-05, "9": -1.0786114216898568e-05, "10": -0.00033666612580418587, "11": 1.3969838619232178e-08, "12": 1.0752067282737698e-05, "13": -1.7540241969982162e-05}, "voltage": 4}