{"row": {"0": 0, "1": 0, "2": 0, "3": 2, "4": 1, "5": 1, "6": 3, "7": 3, "8": 1, "9": 2, "10": 6, "11": 3}, "col": {"0": 1, "1": 4, "2": 7, "3": 1, "4": 5, "5": 6, "6": 2, "7": 0, "8": 4, "9": 5, "10": 3, "11": 7}, "components": {"0": "r", "1": "r", "2": "d", "3": "r", "4": "r", "5": "v", "6": "r", "7": "r", "8": "d", "9": "r", "10": "r", "11": "r"}, "resistances": {"0": 800.0, "1": 7300.0, "2": NaN, "3": 8900.0, "4": 2300.0, "5": NaN, "6": 500.0, "7": 8000.0, "8": NaN, "9": 500.0, "10": 8400.0, "11": 5000.0}, "edge_voltage": {"0": 1.299855351448059, "1": 0.8482842445373535, "2": -0.5643357038497925, "3": 5.672497391700745, "4": -4.659551501274109, "5": -44.000001072883606, "6": 1.3316254615783691, "7": 5.704267501831055, "8": -0.45157110691070557, "9": 1.0129458904266357, "10": 36.99587821960449, "11": 5.139931797981262}, "edge_current": {"0": -0.0016248191241174936, "1": -0.00011620332224993035, "2": 0.0010279864072799683, "3": -0.0006373592768795788, "4": 0.002025892026722431, "5": -0.004404271021485329, "6": -0.002663251245394349, "7": -0.0007130334852263331, "8": 0.00011619925498962402, "9": -0.002025892026722431, "10": -0.004404271021485329, "11": -0.0010279864072799683}, "voltage": 44}