{"row": {"0": 0, "1": 0, "2": 2, "3": 4, "4": 2, "5": 8, "6": 3, "7": 3, "8": 10, "9": 0, "10": 4, "11": 2, "12": 9, "13": 1, "14": 1, "15": 8, "16": 9, "17": 10}, "col": {"0": 1, "1": 5, "2": 1, "3": 1, "4": 3, "5": 2, "6": 0, "7": 7, "8": 3, "9": 4, "10": 6, "11": 5, "12": 5, "13": 6, "14": 7, "15": 6, "16": 1, "17": 1}, "components": {"0": "r", "1": "r", "2": "r", "3": "r", "4": "r", "5": "r", "6": "d", "7": "v", "8": "r", "9": "r", "10": "r", "11": "r", "12": "r", "13": "r", "14": "r", "15": "r", "16": "d", "17": "r"}, "resistances": {"0": 9800.0, "1": 900.0, "2": 8200.0, "3": 7400.0, "4": 3400.0, "5": 5200.0, "6": NaN, "7": NaN, "8": 8900.0, "9": 6400.0, "10": 1700.0, "11": 500.0, "12": 7500.0, "13": 5600.0, "14": 7700.0, "15": 2500.0, "16": NaN, "17": 9300.0}, "edge_voltage": {"0": 0.1420222371816635, "1": -0.022385815158486366, "2": 0.17685364559292793, "3": 0.07546336203813553, "4": -0.20288101956248283, "5": -0.06870335340499878, "6": 0.23771242797374725, "7": 0.9999999850988388, "8": -0.18569442629814148, "9": 0.06655887514352798, "10": 0.00034352391958236694, "11": 0.012445593252778053, "12": -0.00013544410467147827, "13": -0.07511983811855316, "14": 0.620265319943428, "15": 0.03303045406937599, "16": 0.1642726082354784, "17": 0.1940402388572693}, "edge_current": {"0": -1.4492065020021982e-05, "1": 2.487312667653896e-05, "2": -2.1567517251241952e-05, "3": -1.019775118038524e-05, "4": 5.967088873148896e-05, "5": 1.3212183148425538e-05, "6": -1.7695128917694092e-08, "7": 8.055288344621658e-05, "8": 2.0864541511400603e-05, "9": -1.0399824532214552e-05, "10": -2.0207325235332974e-07, "11": -2.4891185603337362e-05, "12": 1.8059044037954664e-08, "13": 1.341425650025485e-05, "14": -8.055393846007064e-05, "15": -1.3212183148425538e-05, "16": -1.7695128917694092e-08, "17": -2.0864541511400603e-05}, "voltage": -1}