{"row": {"0": 0, "1": 2, "2": 1, "3": 8, "4": 2, "5": 0, "6": 3, "7": 3, "8": 4, "9": 4, "10": 5, "11": 2, "12": 1, "13": 3}, "col": {"0": 1, "1": 1, "2": 4, "3": 1, "4": 3, "5": 3, "6": 5, "7": 6, "8": 2, "9": 7, "10": 0, "11": 6, "12": 7, "13": 8}, "components": {"0": "r", "1": "r", "2": "r", "3": "r", "4": "r", "5": "r", "6": "r", "7": "r", "8": "r", "9": "d", "10": "v", "11": "r", "12": "r", "13": "r"}, "resistances": {"0": 8500.0, "1": 7400.0, "2": 9900.0, "3": 4900.0, "4": 3500.0, "5": 2000.0, "6": 2700.0, "7": 9000.0, "8": 7300.0, "9": NaN, "10": NaN, "11": 6200.0, "12": 9500.0, "13": 3800.0}, "edge_voltage": {"0": -1.308487057685852, "1": 0.41441917419433594, "2": -0.238470196723938, "3": 0.3617619276046753, "4": -0.22789287567138672, "5": -1.9507991075515747, "6": -3.0492008924484253, "7": 0.13493657112121582, "8": -0.17594897747039795, "9": 0.23827826976776123, "10": 5.0, "11": -0.0929563045501709, "12": -0.0001919269561767578, "13": 0.28055012226104736}, "edge_current": {"0": 0.00015393966168630868, "1": -5.6002587371040136e-05, "2": 2.4087896235869266e-05, "3": -7.382896728813648e-05, "4": 6.511223909910768e-05, "5": 0.0009753995109349489, "6": 0.0011293336283415556, "7": -1.4992949218139984e-05, "8": 2.4102599127218127e-05, "9": -1.862645149230957e-08, "10": 0.0011293336283415556, "11": 1.4992949218139984e-05, "12": 2.0205451534138774e-08, "13": -7.382896728813648e-05}, "voltage": -5}