{"row": {"0": 0, "1": 0, "2": 2, "3": 6, "4": 3, "5": 2, "6": 2, "7": 3, "8": 1, "9": 3, "10": 7, "11": 6, "12": 8, "13": 2, "14": 8, "15": 6}, "col": {"0": 1, "1": 4, "2": 1, "3": 1, "4": 2, "5": 5, "6": 9, "7": 0, "8": 4, "9": 5, "10": 5, "11": 0, "12": 6, "13": 7, "14": 0, "15": 9}, "components": {"0": "d", "1": "r", "2": "r", "3": "r", "4": "d", "5": "r", "6": "r", "7": "d", "8": "d", "9": "r", "10": "r", "11": "d", "12": "d", "13": "r", "14": "r", "15": "v"}, "resistances": {"0": NaN, "1": 4800.0, "2": 7100.0, "3": 8400.0, "4": NaN, "5": 5800.0, "6": 8600.0, "7": NaN, "8": NaN, "9": 7600.0, "10": 2500.0, "11": NaN, "12": NaN, "13": 4400.0, "14": 4800.0, "15": NaN}, "edge_voltage": {"0": 0.6285016536712646, "1": 0.22409087419509888, "2": -2.451148748397827, "3": 2.5076335668563843, "4": 2.590358406305313, "5": -0.7592365741729736, "6": 5.04121732711792, "7": -0.4892919957637787, "8": -0.40441077947616577, "9": 1.8311218321323395, "10": -0.2750856876373291, "11": 1.8791319131851196, "12": -0.4984527826309204, "13": -0.48415088653564453, "14": 1.3806791305541992, "15": 9.999999642372131}, "edge_current": {"0": -1.955777406692505e-08, "1": -4.668559995479882e-05, "2": 0.0003452321980148554, "3": -0.0002985277969855815, "4": -1.4901161193847656e-08, "5": 0.00013090283027850091, "6": -0.0005861881072632968, "7": 0.00024094805121421814, "8": 4.668533802032471e-05, "9": -0.00024093709362205118, "10": 0.00011003426334355026, "11": -7.450580596923828e-09, "12": 0.0002876482903957367, "13": 0.00011003426334355026, "14": -0.0002876415092032403, "15": 0.000586189329624176}, "voltage": -10}