{"row": {"0": 0, "1": 5, "2": 0, "3": 1, "4": 1, "5": 1, "6": 2, "7": 4, "8": 3, "9": 4, "10": 1, "11": 6, "12": 8, "13": 7, "14": 10, "15": 2, "16": 9, "17": 10}, "col": {"0": 1, "1": 0, "2": 7, "3": 2, "4": 6, "5": 9, "6": 3, "7": 2, "8": 0, "9": 0, "10": 5, "11": 3, "12": 6, "13": 4, "14": 7, "15": 8, "16": 5, "17": 6}, "components": {"0": "r", "1": "d", "2": "r", "3": "r", "4": "r", "5": "r", "6": "d", "7": "r", "8": "r", "9": "r", "10": "d", "11": "r", "12": "r", "13": "r", "14": "d", "15": "d", "16": "v", "17": "r"}, "resistances": {"0": 800.0, "1": NaN, "2": 6900.0, "3": 2600.0, "4": 100.0, "5": 1400.0, "6": NaN, "7": 2800.0, "8": 5300.0, "9": 100.0, "10": NaN, "11": 1900.0, "12": 900.0, "13": 5100.0, "14": NaN, "15": NaN, "16": NaN, "17": 4900.0}, "edge_voltage": {"0": 1.198057179863099e-05, "1": 0.7379215955734253, "2": 1.3703835577416612e-07, "3": -5.660360329784453e-06, "4": -1.6479225450893864e-07, "5": 41.26206535097117, "6": 2.3763050194247626e-06, "7": 6.103776257759819e-06, "8": -8.6965164882713e-06, "9": -2.1643521108671848e-07, "10": -0.7379335761452239, "11": -3.1192630558507517e-06, "12": 1.799890014808625e-09, "13": 7.939685531255236e-08, "14": -1.1658139314363325e-05, "15": 5.493768185260706e-06, "16": -41.999998927116394, "17": 2.060187398456037e-08}, "edge_current": {"0": -1.4975714890397285e-08, "1": -2.2351741790771484e-08, "2": -1.9860632236023967e-11, "3": 2.177061864117036e-09, "4": 1.647923020264841e-09, "5": -0.02947290427982807, "6": -8.526512829121202e-13, "7": -2.179919800227026e-09, "8": 1.6408521208433058e-09, "9": 2.164352030931127e-09, "10": 0.02947288751602173, "11": 1.6417180948025134e-09, "12": -2.0011386211299387e-12, "13": -1.5568008687738555e-11, "14": 4.206412995699793e-12, "15": -1.9326762412674725e-12, "16": -0.029472902417182922, "17": -4.204505667237957e-12}, "voltage": 42}