{"row": {"0": 0, "1": 4, "2": 8, "3": 1, "4": 6, "5": 3, "6": 2, "7": 0, "8": 5, "9": 3, "10": 1, "11": 2, "12": 0, "13": 6, "14": 1, "15": 11, "16": 2, "17": 2, "18": 6, "19": 8}, "col": {"0": 1, "1": 0, "2": 0, "3": 2, "4": 1, "5": 2, "6": 10, "7": 3, "8": 3, "9": 7, "10": 4, "11": 5, "12": 6, "13": 9, "14": 7, "15": 7, "16": 8, "17": 9, "18": 10, "19": 11}, "components": {"0": "r", "1": "r", "2": "r", "3": "r", "4": "d", "5": "r", "6": "r", "7": "d", "8": "r", "9": "r", "10": "r", "11": "r", "12": "r", "13": "r", "14": "r", "15": "r", "16": "v", "17": "r", "18": "r", "19": "r"}, "resistances": {"0": 2300.0, "1": 7800.0, "2": 8700.0, "3": 3900.0, "4": NaN, "5": 9300.0, "6": 8600.0, "7": NaN, "8": 1100.0, "9": 8800.0, "10": 8800.0, "11": 5200.0, "12": 2100.0, "13": 9700.0, "14": 5600.0, "15": 1500.0, "16": NaN, "17": 1300.0, "18": 900.0, "19": 5400.0}, "edge_voltage": {"0": 0.1255360096693039, "1": -0.05898679792881012, "2": 1.3392164707183838, "3": 0.5352474600076675, "4": -0.06718362867832184, "5": 0.2860412299633026, "6": -0.42372094094753265, "7": 0.3747422397136688, "8": -0.0499437153339386, "9": -0.6700463593006134, "10": -0.06654921174049377, "11": -0.236097514629364, "12": 0.19271963834762573, "13": 0.41274720430374146, "14": -0.4208401292562485, "15": 0.22693747282028198, "16": -1.9999999403953552, "17": -0.05531662702560425, "18": 0.04434289038181305, "19": 0.8169748783111572}, "edge_current": {"0": -5.458087252918631e-05, "1": 7.562409791717073e-06, "2": -0.00015393293870147318, "3": -0.00013724293967243284, "4": 5.052424967288971e-08, "5": -3.075712447753176e-05, "6": 4.9269878218183294e-05, "7": -1.862645149230957e-08, "8": 4.540337613434531e-05, "9": 7.614163041580468e-05, "10": 7.562409791717073e-06, "11": 4.540337613434531e-05, "12": -9.177126048598439e-05, "13": -4.255125895724632e-05, "14": 7.515001925639808e-05, "15": -0.00015129164967220277, "16": -0.00030522458837367594, "17": 4.255125895724632e-05, "18": -4.9269878218183294e-05, "19": -0.00015129164967220277}, "voltage": 2}