{"row": {"0": 1, "1": 4, "2": 7, "3": 1, "4": 1, "5": 1, "6": 2, "7": 3, "8": 1, "9": 2, "10": 6, "11": 7}, "col": {"0": 0, "1": 0, "2": 0, "3": 2, "4": 5, "5": 6, "6": 3, "7": 0, "8": 4, "9": 5, "10": 3, "11": 3}, "components": {"0": "r", "1": "r", "2": "r", "3": "r", "4": "r", "5": "d", "6": "r", "7": "d", "8": "r", "9": "v", "10": "d", "11": "r"}, "resistances": {"0": 9700.0, "1": 2400.0, "2": 10000.0, "3": 3000.0, "4": 2900.0, "5": NaN, "6": 3500.0, "7": NaN, "8": 4500.0, "9": NaN, "10": NaN, "11": 4700.0}, "edge_voltage": {"0": 5.2058281898498535, "1": 1.8107229471206665, "2": -0.390842080116272, "3": 10.299460887908936, "4": -13.700538158416748, "5": 2.8901829719543457, "6": -4.519094824790955, "7": -0.5745378732681274, "8": 3.395105242729187, "9": -23.999999046325684, "10": 2.8901830911636353, "11": 0.18369579315185547}, "edge_current": {"0": -0.0005366833065636456, "1": -0.000754467851947993, "2": 3.9084206946427e-05, "3": -0.0034331537317484617, "4": 0.004724323749542236, "5": -2.2351741790771484e-08, "6": 0.0012911700177937746, "7": 0.0012520663440227509, "8": -0.000754467851947993, "9": -0.004724323749542236, "10": -1.862645149230957e-08, "11": -3.9084206946427e-05}, "voltage": 24}