{"row": {"0": 0, "1": 0, "2": 2, "3": 5, "4": 1, "5": 1, "6": 3, "7": 2, "8": 0, "9": 6, "10": 4, "11": 0, "12": 5, "13": 6, "14": 9, "15": 7, "16": 6, "17": 9, "18": 10, "19": 5}, "col": {"0": 1, "1": 4, "2": 1, "3": 1, "4": 10, "5": 11, "6": 2, "7": 7, "8": 3, "9": 3, "10": 1, "11": 5, "12": 8, "13": 1, "14": 6, "15": 1, "16": 8, "17": 1, "18": 4, "19": 11}, "components": {"0": "r", "1": "d", "2": "r", "3": "r", "4": "d", "5": "d", "6": "r", "7": "d", "8": "r", "9": "r", "10": "d", "11": "v", "12": "r", "13": "r", "14": "d", "15": "r", "16": "r", "17": "r", "18": "r", "19": "r"}, "resistances": {"0": 7600.0, "1": NaN, "2": 800.0, "3": 4800.0, "4": NaN, "5": NaN, "6": 10000.0, "7": NaN, "8": 8800.0, "9": 8900.0, "10": NaN, "11": NaN, "12": 3400.0, "13": 2300.0, "14": NaN, "15": 5100.0, "16": 8200.0, "17": 300.0, "18": 9300.0, "19": 8900.0}, "edge_voltage": {"0": -1.3031169176101685, "1": -0.6515585780143738, "2": -0.014190316200256348, "3": 14.696883082389832, "4": 0.6513835191726685, "5": -0.5867469310760498, "6": -0.1773662567138672, "7": -0.014154791831970215, "8": -1.111560344696045, "9": 0.9663357734680176, "10": -0.6515583395957947, "11": -16.0, "12": 4.0806169509887695, "13": 0.774779200553894, "14": -0.5483525991439819, "15": -3.552436828613281e-05, "16": -9.841486930847168, "17": 0.2264266014099121, "18": 0.0001748204231262207, "19": 14.110136151313782}, "edge_current": {"0": 0.00017146275786217302, "1": 0.005549691617488861, "2": 1.7737966118147597e-05, "3": -0.003061850555241108, "4": -2.2351741790771484e-08, "5": 0.0015854081138968468, "6": 1.7736620065988973e-05, "7": 6.984919309616089e-10, "8": 0.00012631368008442223, "9": -0.00010857706365641207, "10": 0.0055496543645858765, "11": -0.00584744056686759, "12": -0.001200181315653026, "13": -0.00033686053939163685, "14": 0.0007547885179519653, "15": 6.981536238015451e-09, "16": 0.001200181315653026, "17": -0.000754755106754601, "18": -1.8800587753275977e-08, "19": -0.001585408579558134}, "voltage": 16}