{"row": {"0": 1, "1": 4, "2": 7, "3": 2, "4": 9, "5": 2, "6": 6, "7": 3, "8": 5, "9": 8, "10": 1, "11": 5, "12": 6, "13": 2, "14": 1, "15": 4}, "col": {"0": 0, "1": 0, "2": 0, "3": 1, "4": 1, "5": 3, "6": 2, "7": 0, "8": 3, "9": 3, "10": 4, "11": 2, "12": 4, "13": 7, "14": 8, "15": 9}, "components": {"0": "d", "1": "v", "2": "r", "3": "r", "4": "r", "5": "d", "6": "r", "7": "r", "8": "d", "9": "r", "10": "d", "11": "r", "12": "r", "13": "r", "14": "r", "15": "r"}, "resistances": {"0": NaN, "1": NaN, "2": 2700.0, "3": 8200.0, "4": 6300.0, "5": NaN, "6": 8500.0, "7": 5500.0, "8": NaN, "9": 2500.0, "10": NaN, "11": 4100.0, "12": 1800.0, "13": 2200.0, "14": 2400.0, "15": 2800.0}, "edge_voltage": {"0": -0.612698495388031, "1": -19.0, "2": -1.5313587188720703, "3": -2.166434109210968, "4": -12.729670584201813, "5": -0.5446860790252686, "6": -13.386152505874634, "7": -2.2344465255737305, "8": -0.39253973960876465, "9": 0.8274224996566772, "10": 18.38730150461197, "11": 0.1521463394165039, "12": 2.834714889526367, "13": -1.2477738857269287, "14": 0.7943255305290222, "15": -5.657630920410156}, "edge_current": {"0": 0.0026378631591796875, "1": -0.0035858154296875, "2": 0.0005671699182130396, "3": 0.00026419927598908544, "4": 0.0020205825567245483, "5": 0.0007038116455078125, "6": 0.0015748415607959032, "7": 0.0004062629886902869, "8": 3.719329833984375e-05, "9": -0.0003309689636807889, "10": 0.0, "11": -3.7108817195985466e-05, "12": -0.0015748415607959032, "13": 0.0005671699182130396, "14": -0.0003309689636807889, "15": 0.0020205825567245483}, "voltage": 19}