{"row": {"0": 1, "1": 1, "2": 1, "3": 6, "4": 2, "5": 2, "6": 2, "7": 0, "8": 2, "9": 3, "10": 6, "11": 7}, "col": {"0": 0, "1": 2, "2": 4, "3": 1, "4": 3, "5": 5, "6": 7, "7": 3, "8": 4, "9": 5, "10": 4, "11": 4}, "components": {"0": "r", "1": "r", "2": "r", "3": "d", "4": "r", "5": "r", "6": "d", "7": "d", "8": "r", "9": "v", "10": "r", "11": "r"}, "resistances": {"0": 2900.0, "1": 6300.0, "2": 9600.0, "3": NaN, "4": 3900.0, "5": 4500.0, "6": NaN, "7": NaN, "8": 9300.0, "9": NaN, "10": 3200.0, "11": 4100.0}, "edge_voltage": {"0": 5.453416451928206e-05, "1": -8.877565778675489e-05, "2": -4.5090306230122223e-05, "3": 4.503770105657168e-05, "4": 4.642817755928263, "5": -5.357182244071737, "6": 4.3620806536637247e-05, "7": 4.642674446105957, "8": 4.368535155663267e-05, "9": -10.0, "10": -5.260517355054617e-08, "11": 6.454501999542117e-08}, "edge_current": {"0": -1.8804884760470486e-08, "1": 1.4091431133067545e-08, "2": 4.696889543964744e-09, "3": -1.6370904631912708e-11, "4": -0.001190466107800603, "5": 0.0011904849670827389, "6": -1.5916157281026244e-11, "7": -2.9802322387695312e-08, "8": -4.6974060197158e-09, "9": -0.001190483570098877, "10": 1.638776267465225e-11, "11": -1.587125222912711e-11}, "voltage": 10}