{"row": {"0": 1, "1": 2, "2": 4, "3": 5, "4": 3, "5": 0, "6": 4, "7": 4, "8": 3, "9": 5, "10": 0, "11": 7}, "col": {"0": 0, "1": 1, "2": 1, "3": 1, "4": 2, "5": 3, "6": 2, "7": 6, "8": 5, "9": 7, "10": 6, "11": 2}, "components": {"0": "r", "1": "r", "2": "r", "3": "r", "4": "r", "5": "v", "6": "r", "7": "r", "8": "r", "9": "r", "10": "r", "11": "r"}, "resistances": {"0": 500.0, "1": 1400.0, "2": 9800.0, "3": 7700.0, "4": 6700.0, "5": NaN, "6": 8800.0, "7": 9500.0, "8": 6000.0, "9": 1400.0, "10": 3800.0, "11": 3200.0}, "edge_voltage": {"0": 1.9534738063812256, "1": 3.9010612964630127, "2": 1.0191137790679932, "3": 7.826927423477173, "4": 15.145464897155762, "5": -21.0, "6": -2.8819475173950195, "7": 2.1232768893241882, "8": 11.219598770141602, "9": 1.194828987121582, "10": -0.8493106961250305, "11": 2.731037139892578}, "edge_current": {"0": -0.003906947560608387, "1": -0.0027864722069352865, "2": -0.00010399120219517499, "3": -0.001016483991406858, "4": -0.002260517096146941, "5": -0.004130450543016195, "6": 0.0003274940245319158, "7": -0.0002235028223367408, "8": -0.0018699332140386105, "9": -0.0008534491062164307, "10": 0.0002235028223367408, "11": -0.0008534491062164307}, "voltage": 21}