{"row": {"0": 0, "1": 0, "2": 1, "3": 4, "4": 1, "5": 3, "6": 6, "7": 0, "8": 0, "9": 4, "10": 5, "11": 7, "12": 0, "13": 6, "14": 7, "15": 8, "16": 0, "17": 1}, "col": {"0": 1, "1": 8, "2": 2, "3": 1, "4": 5, "5": 2, "6": 2, "7": 3, "8": 4, "9": 10, "10": 2, "11": 5, "12": 6, "13": 9, "14": 3, "15": 4, "16": 9, "17": 10}, "components": {"0": "d", "1": "r", "2": "r", "3": "r", "4": "r", "5": "d", "6": "r", "7": "r", "8": "r", "9": "r", "10": "r", "11": "r", "12": "v", "13": "r", "14": "r", "15": "r", "16": "r", "17": "r"}, "resistances": {"0": NaN, "1": 7400.0, "2": 3500.0, "3": 1400.0, "4": 7400.0, "5": NaN, "6": 4900.0, "7": 3800.0, "8": 2400.0, "9": 3100.0, "10": 2500.0, "11": 7100.0, "12": NaN, "13": 8400.0, "14": 4700.0, "15": 8100.0, "16": 1500.0, "17": 9700.0}, "edge_voltage": {"0": -0.4447263479232788, "1": -0.13210290670394897, "2": -0.6220114231109619, "3": -0.16802430152893066, "4": -0.42349034547805786, "5": -0.46024543046951294, "6": 1.9332622289657593, "7": -0.6064923405647278, "8": -0.27670204639434814, "9": -0.04069337248802185, "10": -0.19852107763290405, "11": -0.1574782133102417, "12": -3.0, "13": 2.5454545319080353, "14": 0.10424613952636719, "15": -0.14459913969039917, "16": -0.4545454680919647, "17": 0.1273309290409088}, "edge_current": {"0": 0.00010179728269577026, "1": 1.785174390533939e-05, "2": 0.00017771756392903626, "3": 0.00012001736467937008, "4": 5.722842615796253e-05, "5": 0.00013741850852966309, "6": -0.00039454331272281706, "7": 0.00015960325254127383, "8": 0.00011529251787578687, "9": 1.3126898920745589e-05, "10": 7.940845534903929e-05, "11": 2.2180027372087352e-05, "12": -0.0006975735886953771, "13": -0.0003030303050763905, "14": -2.2180027372087352e-05, "15": 1.785174390533939e-05, "16": 0.0003030303050763905, "17": -1.3126898920745589e-05}, "voltage": 3}