{"row": {"0": 0, "1": 5, "2": 1, "3": 4, "4": 2, "5": 6, "6": 8, "7": 0, "8": 3, "9": 4, "10": 5, "11": 1, "12": 7, "13": 4}, "col": {"0": 1, "1": 0, "2": 2, "3": 1, "4": 3, "5": 2, "6": 2, "7": 3, "8": 7, "9": 2, "10": 3, "11": 6, "12": 1, "13": 8}, "components": {"0": "r", "1": "r", "2": "r", "3": "r", "4": "r", "5": "r", "6": "v", "7": "r", "8": "r", "9": "d", "10": "r", "11": "r", "12": "r", "13": "r"}, "resistances": {"0": 5000.0, "1": 4300.0, "2": 7400.0, "3": 8400.0, "4": 3300.0, "5": 7700.0, "6": NaN, "7": 9600.0, "8": 1000.0, "9": NaN, "10": 2300.0, "11": 3900.0, "12": 9100.0, "13": 700.0}, "edge_voltage": {"0": -0.5581117868423462, "1": -0.28442633152008057, "2": 1.688014030456543, "3": 4.903359770774841, "4": -0.6933408677577972, "5": 1.1204920690506697, "6": 6.9999998807907104, "7": 0.43656137585639954, "8": -0.09848248958587646, "9": 6.591373801231384, "10": 0.15213504433631897, "11": 0.5675219614058733, "12": -0.8961906731128693, "13": -0.40862607955932617}, "edge_current": {"0": 0.00011162235750816762, "1": 6.6145665186923e-05, "2": -0.00022811000235378742, "3": -0.0005837333155795932, "4": 0.00021010328782722354, "5": -0.00014551845379173756, "6": 0.0005837518256157637, "7": -4.5475142542272806e-05, "8": 9.848248737398535e-05, "9": -1.4901161193847656e-08, "10": -6.6145665186923e-05, "11": -0.00014551845379173756, "12": 9.848248737398535e-05, "13": 0.0005837518256157637}, "voltage": -7}