{"row": {"0": 1, "1": 4, "2": 1, "3": 6, "4": 3, "5": 3, "6": 3, "7": 3, "8": 9, "9": 3, "10": 2, "11": 7, "12": 5, "13": 2, "14": 3, "15": 8, "16": 9, "17": 7}, "col": {"0": 0, "1": 0, "2": 2, "3": 1, "4": 2, "5": 0, "6": 5, "7": 8, "8": 3, "9": 10, "10": 4, "11": 4, "12": 2, "13": 6, "14": 7, "15": 1, "16": 7, "17": 10}, "components": {"0": "r", "1": "d", "2": "r", "3": "r", "4": "r", "5": "v", "6": "d", "7": "r", "8": "r", "9": "r", "10": "r", "11": "r", "12": "r", "13": "r", "14": "r", "15": "r", "16": "r", "17": "r"}, "resistances": {"0": 8100.0, "1": NaN, "2": 2900.0, "3": 4500.0, "4": 9600.0, "5": NaN, "6": NaN, "7": 3000.0, "8": 7200.0, "9": 8500.0, "10": 8100.0, "11": 9500.0, "12": 4200.0, "13": 6900.0, "14": 9300.0, "15": 2400.0, "16": 4700.0, "17": 2400.0}, "edge_voltage": {"0": -12.4241361618042, "1": -0.6190147995948792, "2": 0.7307672500610352, "3": -0.28846073150634766, "4": -5.845096588134766, "5": -19.0, "6": -0.5746517181396484, "7": -3.653257369995117, "8": 3.0127639770507812, "9": -3.883040428161621, "10": -12.535888612270355, "11": -13.40155690908432, "12": -5.270444869995117, "13": -0.4423065185546875, "14": -4.979428291320801, "15": -2.9226064682006836, "16": -1.9666643142700195, "17": 1.0963878631591797}, "edge_current": {"0": 0.001533843926154077, "1": 0.0029583312571048737, "2": -0.00025198888033628464, "3": 6.410243804566562e-05, "4": 0.0006088641821406782, "5": -0.0044922311790287495, "6": 0.0012550242245197296, "7": 0.0012177525786682963, "8": -0.0004184393910691142, "9": 0.0004568283329717815, "10": 0.0015476406551897526, "11": 0.0014106901362538338, "12": 0.0012548677623271942, "13": 6.410243804566562e-05, "14": 0.000535422470420599, "15": 0.0012177525786682963, "16": 0.0004184393910691142, "17": -0.0004568283329717815}, "voltage": 19}