{"row": {"0": 1, "1": 2, "2": 3, "3": 2, "4": 0, "5": 5, "6": 6, "7": 4, "8": 5, "9": 5, "10": 0, "11": 7}, "col": {"0": 0, "1": 1, "2": 2, "3": 4, "4": 3, "5": 3, "6": 3, "7": 1, "8": 2, "9": 7, "10": 6, "11": 4}, "components": {"0": "r", "1": "r", "2": "r", "3": "r", "4": "r", "5": "r", "6": "d", "7": "r", "8": "r", "9": "v", "10": "r", "11": "r"}, "resistances": {"0": 6100.0, "1": 5200.0, "2": 4200.0, "3": 4700.0, "4": 1100.0, "5": 800.0, "6": NaN, "7": 300.0, "8": 5200.0, "9": NaN, "10": 1300.0, "11": 2200.0}, "edge_voltage": {"0": 5.663888931274414, "1": -3.6249074935913086, "2": -3.0603179931640625, "3": -4.112588882446289, "4": 1.021336555480957, "5": -1.3257226943969727, "6": 1.021311967393558, "7": 0.48768138885498047, "8": -4.386040687561035, "9": -14.0, "10": 2.4588087399024516e-05, "11": 5.501370429992676}, "edge_current": {"0": -0.0009285063715651631, "1": 0.0006970976246520877, "2": 0.0007286471081897616, "3": 0.0008750188862904906, "4": -0.0009284877451136708, "5": 0.0016571534797549248, "6": -1.862645149230957e-08, "7": -0.0016256039962172508, "8": 0.0008434694027528167, "9": -0.0025006229989230633, "10": -1.8913913990559195e-08, "11": -0.0025006229989230633}, "voltage": 14}