{"row": {"0": 1, "1": 1, "2": 3, "3": 2, "4": 6, "5": 7, "6": 3, "7": 5, "8": 3, "9": 0, "10": 8, "11": 2, "12": 4, "13": 6, "14": 5, "15": 8, "16": 9, "17": 4}, "col": {"0": 0, "1": 2, "2": 2, "3": 4, "4": 2, "5": 2, "6": 0, "7": 3, "8": 10, "9": 4, "10": 4, "11": 5, "12": 6, "13": 9, "14": 7, "15": 3, "16": 2, "17": 10}, "components": {"0": "r", "1": "r", "2": "r", "3": "v", "4": "r", "5": "r", "6": "r", "7": "r", "8": "d", "9": "r", "10": "r", "11": "r", "12": "r", "13": "r", "14": "d", "15": "r", "16": "d", "17": "r"}, "resistances": {"0": 2700.0, "1": 6600.0, "2": 5200.0, "3": NaN, "4": 4300.0, "5": 1400.0, "6": 3300.0, "7": 9200.0, "8": NaN, "9": 4000.0, "10": 2900.0, "11": 7100.0, "12": 1100.0, "13": 9800.0, "14": NaN, "15": 5800.0, "16": NaN, "17": 3200.0}, "edge_voltage": {"0": -7.000121116638184, "1": 17.11143398284912, "2": 22.8593008518219, "3": -36.000000953674316, "4": 28.666677474975586, "5": 4.00543212890625e-05, "6": -1.2522542476654053, "7": -12.90225338935852, "8": -0.6334234476089478, "9": -11.888445854187012, "10": -4.380215644836426, "11": -9.957047462463379, "12": 7.3333234786987305, "13": 0.00018453598022460938, "14": 9.95700740814209, "15": 8.760484457015991, "16": 28.66649293899536, "17": 12.50727665424347}, "edge_current": {"0": 0.002592637436464429, "1": -0.002592637436464429, "2": -0.004396013915538788, "3": -0.015057725831866264, "4": -0.006666662637144327, "5": -9.054923921780755e-09, "6": 0.00037947099190205336, "7": 0.00140241882763803, "8": 0.003908522427082062, "9": 0.002972118090838194, "10": 0.0015104282647371292, "11": 0.0014023971743881702, "12": -0.006666681729257107, "13": -1.8828666625836377e-08, "14": -4.470348358154297e-08, "15": -0.0015104282647371292, "16": 0.0, "17": -0.003908532205969095}, "voltage": 36}