{"row": {"0": 0, "1": 4, "2": 2, "3": 6, "4": 3, "5": 2, "6": 9, "7": 0, "8": 1, "9": 3, "10": 5, "11": 0, "12": 6, "13": 7, "14": 0, "15": 9}, "col": {"0": 1, "1": 0, "2": 1, "3": 1, "4": 2, "5": 5, "6": 2, "7": 3, "8": 4, "9": 5, "10": 7, "11": 6, "12": 8, "13": 2, "14": 8, "15": 6}, "components": {"0": "r", "1": "d", "2": "r", "3": "r", "4": "r", "5": "r", "6": "r", "7": "r", "8": "d", "9": "r", "10": "r", "11": "r", "12": "r", "13": "d", "14": "v", "15": "r"}, "resistances": {"0": 8400.0, "1": NaN, "2": 5800.0, "3": 4700.0, "4": 2000.0, "5": 800.0, "6": 2100.0, "7": 1600.0, "8": NaN, "9": 1700.0, "10": 6000.0, "11": 6900.0, "12": 3000.0, "13": NaN, "14": NaN, "15": 100.0}, "edge_voltage": {"0": -13.203670501708984, "1": 6.601835250854492, "2": -1.124654769897461, "3": 8.2991943359375, "4": -4.915078163146973, "5": 1.481210708618164, "6": 8.995492935180664, "7": -7.163937568664551, "8": 6.601835250854492, "9": -3.4338674545288086, "10": -1.0104475021362305, "11": -21.502864837646484, "12": -27.497135162353516, "13": -0.4707632064819336, "14": -49.0, "15": -0.4283561706542969}, "edge_current": {"0": 0.0015718655195087194, "1": -1.4901161193847656e-08, "2": 0.00019390597299207002, "3": -0.0017657862044870853, "4": 0.0024575390852987766, "5": -0.001851513865403831, "6": -0.004283567890524864, "7": 0.004477460868656635, "8": -2.9802322387695312e-08, "9": 0.0020199217833578587, "10": 0.00016840801981743425, "11": 0.003116357373073697, "12": 0.00916571170091629, "13": 0.0001684539020061493, "14": -0.00916571170091629, "15": 0.004283567890524864}, "voltage": 49}