{"row": {"0": 1, "1": 2, "2": 7, "3": 3, "4": 4, "5": 5, "6": 2, "7": 3, "8": 3, "9": 4, "10": 5, "11": 6, "12": 5, "13": 8}, "col": {"0": 0, "1": 1, "2": 1, "3": 2, "4": 2, "5": 2, "6": 8, "7": 0, "8": 6, "9": 1, "10": 1, "11": 1, "12": 7, "13": 5}, "components": {"0": "v", "1": "r", "2": "r", "3": "r", "4": "r", "5": "r", "6": "r", "7": "r", "8": "r", "9": "r", "10": "d", "11": "r", "12": "r", "13": "r"}, "resistances": {"0": NaN, "1": 9300.0, "2": 1200.0, "3": 800.0, "4": 3600.0, "5": 700.0, "6": 3900.0, "7": 4200.0, "8": 3600.0, "9": 9500.0, "10": NaN, "11": 4400.0, "12": 5000.0, "13": 5000.0}, "edge_voltage": {"0": -44.0, "1": 13.281396865844727, "2": 2.3270187377929688, "3": 3.5049266815185547, "4": -3.6498470306396484, "5": -1.2584609985351562, "6": 0.5514602661132812, "7": -27.21367645263672, "8": 7.553844451904297, "9": 9.631549835205078, "10": 12.02293586730957, "11": 9.232479095458984, "12": 9.695917129516602, "13": 0.707000732421875}, "edge_current": {"0": -0.006479382514953613, "1": -0.0014281072653830051, "2": -0.00193918333388865, "3": -0.004381156526505947, "4": 0.001013847184367478, "5": 0.0017978019313886762, "6": -0.00014140015991870314, "7": 0.006479446776211262, "8": -0.0020982904825359583, "9": -0.001013847184367478, "10": -1.4901161193847656e-08, "11": -0.0020982904825359583, "12": -0.00193918333388865, "13": -0.00014140015991870314}, "voltage": 44}