{"row": {"0": 1, "1": 4, "2": 0, "3": 1, "4": 9, "5": 2, "6": 6, "7": 0, "8": 3, "9": 8, "10": 4, "11": 2, "12": 4, "13": 7, "14": 1, "15": 4}, "col": {"0": 0, "1": 0, "2": 7, "3": 2, "4": 1, "5": 3, "6": 2, "7": 3, "8": 5, "9": 3, "10": 1, "11": 5, "12": 6, "13": 2, "14": 8, "15": 9}, "components": {"0": "v", "1": "r", "2": "d", "3": "r", "4": "r", "5": "r", "6": "r", "7": "r", "8": "r", "9": "r", "10": "r", "11": "r", "12": "r", "13": "r", "14": "r", "15": "d"}, "resistances": {"0": NaN, "1": 4600.0, "2": NaN, "3": 800.0, "4": 6400.0, "5": 5600.0, "6": 800.0, "7": 1700.0, "8": 4600.0, "9": 10000.0, "10": 8700.0, "11": 7800.0, "12": 7500.0, "13": 7900.0, "14": 1400.0, "15": NaN}, "edge_voltage": {"0": 7.0, "1": 4.099040985107422, "2": -0.540161669254303, "3": 1.370534896850586, "4": -2.3890252113342285, "5": 3.4124529361724854, "6": -0.14751052856445312, "7": -2.2170121669769287, "8": -1.2659099102020264, "9": 4.195603132247925, "10": -2.900959014892578, "11": 2.146543025970459, "12": -1.382913589477539, "13": -5.089303433895111, "14": 0.5873847007751465, "15": -0.5119338035583496}, "edge_current": {"0": 0.0028394577093422413, "1": -0.0008910959586501122, "2": 0.0006442144513130188, "3": -0.0017131685744971037, "4": 0.00037328520556911826, "5": -0.0006093666306696832, "6": 0.00018438842380419374, "7": 0.001304124714806676, "8": 0.00027519784634932876, "9": -0.00041956035420298576, "10": 0.00033344351686537266, "11": -0.00027519784634932876, "12": 0.00018438842380419374, "13": 0.0006442156154662371, "14": -0.00041956035420298576, "15": 0.0003732806071639061}, "voltage": -7}