{"row": {"0": 1, "1": 0, "2": 2, "3": 4, "4": 3, "5": 2, "6": 8, "7": 3, "8": 10, "9": 4, "10": 6, "11": 5, "12": 5, "13": 6, "14": 7, "15": 4, "16": 9, "17": 10}, "col": {"0": 0, "1": 7, "2": 1, "3": 1, "4": 2, "5": 5, "6": 2, "7": 0, "8": 3, "9": 0, "10": 4, "11": 3, "12": 9, "13": 2, "14": 3, "15": 8, "16": 1, "17": 4}, "components": {"0": "r", "1": "v", "2": "d", "3": "r", "4": "r", "5": "r", "6": "r", "7": "r", "8": "d", "9": "r", "10": "r", "11": "r", "12": "r", "13": "r", "14": "d", "15": "r", "16": "r", "17": "r"}, "resistances": {"0": 1200.0, "1": NaN, "2": NaN, "3": 9300.0, "4": 3000.0, "5": 5900.0, "6": 700.0, "7": 8100.0, "8": NaN, "9": 3300.0, "10": 9800.0, "11": 1100.0, "12": 8000.0, "13": 4500.0, "14": NaN, "15": 3400.0, "16": 1000.0, "17": 2700.0}, "edge_voltage": {"0": 7.246113000292098e-06, "1": -18.0, "2": 3.3767357763281325e-05, "3": 1.1617269137786934e-05, "4": 1.6200126992771402e-05, "5": -9.225452231476083e-06, "6": -3.7817226257175207e-06, "7": 5.7213597756344825e-05, "8": -3.831261165032629e-05, "9": 1.8863382138079032e-05, "10": 1.517978307674639e-05, "11": -6.974674761295319e-06, "12": 3.821583140961593e-05, "13": -6.9703055487480015e-06, "14": 17.999942786402244, "15": -1.836836599977687e-05, "16": 4.776978585141478e-06, "17": 3.760396793950349e-08}, "edge_current": {"0": -6.038427535770552e-09, "1": 0.0, "2": -1.2278178473934531e-11, "3": -1.2491687684246244e-09, "4": -5.400042191183729e-09, "5": 1.5636356653914163e-09, "6": 5.402460701020573e-09, "7": -7.063407192475779e-09, "8": 1.3869794202037156e-11, "9": -5.716176421088903e-09, "10": -1.5489572957605446e-09, "11": 6.340614699951175e-09, "12": -4.7769788125151535e-09, "13": 1.5489572957605446e-09, "14": 0.0, "15": 5.402460701020573e-09, "16": -4.7769788125151535e-09, "17": -1.3927168446281613e-11}, "voltage": 18}