{"row": {"0": 1, "1": 2, "2": 3, "3": 2, "4": 0, "5": 5, "6": 6, "7": 4, "8": 5, "9": 5, "10": 0, "11": 7}, "col": {"0": 0, "1": 1, "2": 2, "3": 4, "4": 3, "5": 3, "6": 3, "7": 1, "8": 2, "9": 7, "10": 6, "11": 4}, "components": {"0": "r", "1": "r", "2": "r", "3": "r", "4": "r", "5": "r", "6": "d", "7": "r", "8": "r", "9": "v", "10": "r", "11": "r"}, "resistances": {"0": 6100.0, "1": 5200.0, "2": 4200.0, "3": 4700.0, "4": 1100.0, "5": 800.0, "6": NaN, "7": 300.0, "8": 5200.0, "9": NaN, "10": 1300.0, "11": 2200.0}, "edge_voltage": {"0": 2.8319520950317383, "1": -1.8124524354934692, "2": -1.5301575660705566, "3": -2.0562933683395386, "4": 0.5106579065322876, "5": -0.6628621816635132, "6": 0.51063461990816, "7": 0.24384093284606934, "8": -2.19301974773407, "9": -7.0, "10": 2.3286624127649702e-05, "11": 2.7506868839263916}, "edge_current": {"0": -0.0004642544372472912, "1": 0.00034854855039156973, "2": 0.0003643232339527458, "3": 0.0004375092394184321, "4": -0.0004642344720195979, "5": 0.000828577671200037, "6": -1.862645149230957e-08, "7": -0.0008128029876388609, "8": 0.00042173455585725605, "9": -0.0012503121979534626, "10": -1.7912787697582644e-08, "11": -0.0012503121979534626}, "voltage": 7}