{"row": {"0": 0, "1": 1, "2": 3, "3": 4, "4": 3, "5": 5, "6": 6, "7": 4, "8": 2, "9": 7, "10": 0, "11": 4}, "col": {"0": 1, "1": 2, "2": 2, "3": 2, "4": 0, "5": 3, "6": 3, "7": 1, "8": 5, "9": 5, "10": 6, "11": 7}, "components": {"0": "r", "1": "r", "2": "r", "3": "r", "4": "r", "5": "v", "6": "r", "7": "d", "8": "d", "9": "r", "10": "r", "11": "r"}, "resistances": {"0": 7600.0, "1": 3100.0, "2": 9000.0, "3": 5400.0, "4": 1500.0, "5": NaN, "6": 8700.0, "7": NaN, "8": NaN, "9": 2000.0, "10": 4900.0, "11": 300.0}, "edge_voltage": {"0": -0.9542250037193298, "1": -0.3891677260398865, "2": -1.5130221992731094, "3": 0.34148573875427246, "4": -0.16962946951389313, "5": 2.000000014901161, "6": 0.10851297155022621, "7": 0.7306534647941589, "8": -0.48697781562805176, "9": -0.12651491165161133, "10": 0.061116497963666916, "11": -0.01897716522216797}, "edge_current": {"0": 0.00012555591820273548, "1": 0.00012553768465295434, "2": 0.00016811357636470348, "3": -6.323825800791383e-05, "4": 0.00011308630928397179, "5": 0.0002936720848083496, "6": -1.247275486093713e-05, "7": -2.2351741790771484e-08, "8": 0.00023041293025016785, "9": 6.325702997855842e-05, "10": -1.247275486093713e-05, "11": 6.325702997855842e-05}, "voltage": -2}