{"row": {"0": 1, "1": 4, "2": 7, "3": 1, "4": 1, "5": 1, "6": 2, "7": 3, "8": 1, "9": 2, "10": 6, "11": 7}, "col": {"0": 0, "1": 0, "2": 0, "3": 2, "4": 5, "5": 6, "6": 3, "7": 0, "8": 4, "9": 5, "10": 3, "11": 3}, "components": {"0": "r", "1": "r", "2": "r", "3": "r", "4": "r", "5": "d", "6": "r", "7": "d", "8": "r", "9": "v", "10": "d", "11": "r"}, "resistances": {"0": 9700.0, "1": 2400.0, "2": 10000.0, "3": 3000.0, "4": 2900.0, "5": NaN, "6": 3500.0, "7": NaN, "8": 4500.0, "9": NaN, "10": NaN, "11": 4700.0}, "edge_voltage": {"0": 7.019758701324463, "1": 2.441655158996582, "2": -0.40162160992622375, "3": 13.703858375549316, "4": -18.296142101287842, "5": 3.8050711154937744, "6": -6.0937159061431885, "7": -0.590383768081665, "8": 4.578103542327881, "9": -32.00000047683716, "10": 3.8050713539123535, "11": 0.18876215815544128}, "edge_current": {"0": -0.0007236864767037332, "1": -0.001017356407828629, "2": 4.016216189484112e-05, "3": -0.004567952826619148, "4": 0.006309014279395342, "5": -1.4901161193847656e-08, "6": 0.0017410616856068373, "7": 0.0017008939757943153, "8": -0.001017356407828629, "9": -0.006309014279395342, "10": -1.1175870895385742e-08, "11": -4.016216189484112e-05}, "voltage": 32}