{"row": {"0": 0, "1": 0, "2": 0, "3": 1, "4": 5, "5": 3, "6": 4, "7": 2, "8": 9, "9": 3, "10": 1, "11": 3, "12": 10, "13": 4, "14": 7, "15": 8, "16": 1, "17": 7}, "col": {"0": 1, "1": 6, "2": 8, "3": 2, "4": 1, "5": 2, "6": 2, "7": 7, "8": 2, "9": 0, "10": 4, "11": 5, "12": 5, "13": 6, "14": 5, "15": 4, "16": 9, "17": 10}, "components": {"0": "r", "1": "r", "2": "r", "3": "r", "4": "r", "5": "r", "6": "r", "7": "r", "8": "r", "9": "r", "10": "d", "11": "d", "12": "r", "13": "v", "14": "r", "15": "r", "16": "d", "17": "r"}, "resistances": {"0": 8700.0, "1": 3700.0, "2": 3600.0, "3": 3000.0, "4": 8300.0, "5": 1400.0, "6": 6000.0, "7": 2500.0, "8": 5500.0, "9": 9900.0, "10": NaN, "11": NaN, "12": 3600.0, "13": NaN, "14": 1500.0, "15": 9700.0, "16": NaN, "17": 9800.0}, "edge_voltage": {"0": 9.762177467346191, "1": -15.660999298095703, "2": 7.068251609802246, "3": 2.745457649230957, "4": -2.0620689392089844, "5": 1.384953498840332, "6": -13.831365585327148, "7": -0.5682525634765625, "8": -0.0048389434814453125, "9": -11.122681617736816, "10": 16.576823234558105, "11": 0.7015647888183594, "12": -0.08370494842529297, "13": -42.0, "14": -0.11513614654541016, "15": 19.27074909210205, "16": 2.7502965927124023, "17": -0.03143119812011719}, "edge_current": {"0": -0.001122089335694909, "1": 0.004293712787330151, "2": -0.0019634033087641, "3": -0.0009084371267817914, "4": 0.00022124472889117897, "5": -0.0011361036449670792, "6": 0.002270962344482541, "7": 0.00023096430231817067, "8": 4.542692295217421e-06, "9": 0.0011235031997784972, "10": 0.0, "11": 0.0, "12": 2.3251439415616915e-05, "13": -0.0042724609375, "14": 0.00020771285926457494, "15": -0.0019634033087641, "16": 0.0, "17": 2.3251439415616915e-05}, "voltage": 42}