{"row": {"0": 0, "1": 2, "2": 1, "3": 8, "4": 2, "5": 0, "6": 3, "7": 3, "8": 4, "9": 4, "10": 5, "11": 2, "12": 1, "13": 3}, "col": {"0": 1, "1": 1, "2": 4, "3": 1, "4": 3, "5": 3, "6": 5, "7": 6, "8": 2, "9": 7, "10": 0, "11": 6, "12": 7, "13": 8}, "components": {"0": "r", "1": "r", "2": "r", "3": "r", "4": "r", "5": "r", "6": "r", "7": "r", "8": "r", "9": "d", "10": "v", "11": "r", "12": "r", "13": "r"}, "resistances": {"0": 8500.0, "1": 7400.0, "2": 9900.0, "3": 4900.0, "4": 3500.0, "5": 2000.0, "6": 2700.0, "7": 9000.0, "8": 7300.0, "9": NaN, "10": NaN, "11": 6200.0, "12": 9500.0, "13": 3800.0}, "edge_voltage": {"0": 7.122190475463867, "1": -2.134105682373047, "2": 0.9795503616333008, "3": -1.9174814224243164, "4": 1.270401954650879, "5": 10.526698112487793, "6": 16.473301887512207, "7": -0.7522115707397461, "8": 1.154555320739746, "9": -0.41672325134277344, "10": -27.0, "11": 0.5181903839111328, "12": 0.5628271102905273, "13": -1.4870262145996094}, "edge_current": {"0": -0.0008379047503694892, "1": 0.0002883943379856646, "2": -9.894442337099463e-05, "3": 0.00039132271194830537, "4": -0.0003629719722084701, "5": -0.005263349041342735, "6": -0.006101222708821297, "7": 8.35790706332773e-05, "8": -0.0001581583492225036, "9": 5.924329161643982e-05, "10": -0.006101222708821297, "11": -8.35790706332773e-05, "12": -5.924493962083943e-05, "13": 0.00039132271194830537}, "voltage": 27}