{"row": {"0": 1, "1": 1, "2": 1, "3": 6, "4": 2, "5": 2, "6": 2, "7": 0, "8": 2, "9": 3, "10": 6, "11": 7}, "col": {"0": 0, "1": 2, "2": 4, "3": 1, "4": 3, "5": 5, "6": 7, "7": 3, "8": 4, "9": 5, "10": 4, "11": 4}, "components": {"0": "r", "1": "r", "2": "r", "3": "d", "4": "r", "5": "r", "6": "d", "7": "d", "8": "r", "9": "v", "10": "r", "11": "r"}, "resistances": {"0": 2900.0, "1": 6300.0, "2": 9600.0, "3": NaN, "4": 3900.0, "5": 4500.0, "6": NaN, "7": NaN, "8": 9300.0, "9": NaN, "10": 3200.0, "11": 4100.0}, "edge_voltage": {"0": 5.4544125305255875e-05, "1": -8.879328743205406e-05, "2": -4.509892823989503e-05, "3": 4.504659227677621e-05, "4": 8.357103634043597, "5": -9.642896365956403, "6": 4.3629413994494826e-05, "7": 8.35696029663086, "8": 4.369435919215903e-05, "9": -18.0, "10": -5.233596311882138e-08, "11": 6.494519766420126e-08}, "edge_current": {"0": -1.8808318458241047e-08, "1": 1.4094172939849159e-08, "2": 4.697804811826245e-09, "3": -1.6484591469634324e-11, "4": -0.0021428470499813557, "5": 0.0021428659092634916, "6": -1.5802470443304628e-11, "7": 0.0, "8": -4.6983186230420415e-09, "9": -0.002142838668078184, "10": 1.6353822809844765e-11, "11": -1.5839985573196103e-11}, "voltage": 18}