{"row": {"0": 1, "1": 4, "2": 7, "3": 2, "4": 9, "5": 2, "6": 6, "7": 3, "8": 5, "9": 8, "10": 1, "11": 5, "12": 6, "13": 2, "14": 1, "15": 4}, "col": {"0": 0, "1": 0, "2": 0, "3": 1, "4": 1, "5": 3, "6": 2, "7": 0, "8": 3, "9": 3, "10": 4, "11": 2, "12": 4, "13": 7, "14": 8, "15": 9}, "components": {"0": "d", "1": "v", "2": "r", "3": "r", "4": "r", "5": "d", "6": "r", "7": "r", "8": "d", "9": "r", "10": "d", "11": "r", "12": "r", "13": "r", "14": "r", "15": "r"}, "resistances": {"0": NaN, "1": NaN, "2": 2700.0, "3": 8200.0, "4": 6300.0, "5": NaN, "6": 8500.0, "7": 5500.0, "8": NaN, "9": 2500.0, "10": NaN, "11": 4100.0, "12": 1800.0, "13": 2200.0, "14": 2400.0, "15": 2800.0}, "edge_voltage": {"0": -0.4622444212436676, "1": -2.0, "2": -0.3131035566329956, "3": -0.10598054528236389, "4": -1.0645999610424042, "5": -0.2975512742996216, "6": -1.1815618872642517, "7": -0.2706736922264099, "8": -0.2802574634552002, "9": -0.09774017333984375, "10": 1.5377555787563324, "11": 0.017293810844421387, "12": 0.2502131462097168, "13": -0.2551214098930359, "14": -0.09383055567741394, "15": -0.4731556177139282}, "edge_current": {"0": 0.0001428341493010521, "1": -0.000308014452457428, "2": 0.00011596427793847397, "3": 1.2924457223562058e-05, "4": 0.0001689841301413253, "5": 5.900859832763672e-06, "6": 0.00013900728663429618, "7": 4.9213398597203195e-05, "8": 4.218891263008118e-06, "9": 3.909607039531693e-05, "10": -1.862645149230957e-08, "11": -4.218001322442433e-06, "12": -0.00013900728663429618, "13": 0.00011596427793847397, "14": 3.909607039531693e-05, "15": 0.0001689841301413253}, "voltage": 2}