{"row": {"0": 0, "1": 0, "2": 7, "3": 1, "4": 1, "5": 1, "6": 3, "7": 4, "8": 0, "9": 4, "10": 1, "11": 3, "12": 6, "13": 4, "14": 10, "15": 8, "16": 5, "17": 6}, "col": {"0": 1, "1": 5, "2": 0, "3": 2, "4": 6, "5": 9, "6": 2, "7": 2, "8": 3, "9": 0, "10": 5, "11": 6, "12": 8, "13": 7, "14": 7, "15": 2, "16": 9, "17": 10}, "components": {"0": "r", "1": "r", "2": "r", "3": "r", "4": "r", "5": "r", "6": "r", "7": "v", "8": "r", "9": "r", "10": "r", "11": "r", "12": "r", "13": "d", "14": "r", "15": "r", "16": "r", "17": "r"}, "resistances": {"0": 2700.0, "1": 9400.0, "2": 4600.0, "3": 5500.0, "4": 2700.0, "5": 7600.0, "6": 7100.0, "7": NaN, "8": 5400.0, "9": 400.0, "10": 6800.0, "11": 7100.0, "12": 1200.0, "13": NaN, "14": 5300.0, "15": 400.0, "16": 5300.0, "17": 6700.0}, "edge_voltage": {"0": -5.197978973388672, "1": -3.5271592140197754, "2": -0.7427247762680054, "3": -6.501372337341309, "4": -3.019516944885254, "5": 0.9843587875366211, "6": -5.690917015075684, "7": -13.0, "8": -6.008434295654297, "9": -1.3006486892700195, "10": 1.6708197593688965, "11": -2.209061622619629, "12": -2.611391067504883, "13": -0.5579239130020142, "14": 3.9574307203292847, "15": -0.8704643249511719, "16": -0.6864609718322754, "17": 5.0027899742126465}, "edge_current": {"0": 0.0019251774065196514, "1": 0.000375229719793424, "2": 0.00016146191046573222, "3": 0.0011820676736533642, "4": 0.0011183394817635417, "5": -0.00012952090764883906, "6": 0.0008015375933609903, "7": -0.004159770905971527, "8": 0.0011126729659736156, "9": 0.003251621499657631, "10": -0.0002457087975926697, "11": 0.0003111354017164558, "12": 0.0021761597599834204, "13": 0.0009081587195396423, "14": -0.0007466850220225751, "15": 0.0021761597599834204, "16": 0.00012952090764883906, "17": -0.0007466850220225751}, "voltage": 13}