{"row": {"0": 0, "1": 2, "2": 7, "3": 2, "4": 4, "5": 2, "6": 8, "7": 3, "8": 3, "9": 4, "10": 1, "11": 1, "12": 5, "13": 8}, "col": {"0": 1, "1": 1, "2": 1, "3": 3, "4": 2, "5": 5, "6": 2, "7": 0, "8": 6, "9": 1, "10": 5, "11": 6, "12": 7, "13": 5}, "components": {"0": "r", "1": "r", "2": "r", "3": "v", "4": "r", "5": "r", "6": "r", "7": "r", "8": "d", "9": "r", "10": "r", "11": "r", "12": "r", "13": "r"}, "resistances": {"0": 1400.0, "1": 4900.0, "2": 5200.0, "3": NaN, "4": 3500.0, "5": 7600.0, "6": 7100.0, "7": 3900.0, "8": NaN, "9": 2900.0, "10": 8100.0, "11": 8900.0, "12": 1600.0, "13": 2600.0}, "edge_voltage": {"0": 7.040284633636475, "1": -10.347469806671143, "2": -3.675673007965088, "3": -37.0, "4": 5.6587724685668945, "5": -5.540820121765137, "6": 4.055651664733887, "7": 19.612245559692383, "8": 26.65235710144043, "9": -4.688697338104248, "10": 4.806649684906006, "11": -0.00017309188842773438, "12": -1.130976676940918, "13": -1.48516845703125}, "edge_current": {"0": -0.0050287749618291855, "1": 0.002111728535965085, "2": 0.0007068602135404944, "3": -0.0050287917256355286, "4": -0.0016167920548468828, "5": 0.0007290552603080869, "6": -0.0005712185520678759, "7": -0.0050287810154259205, "8": -1.4901161193847656e-08, "9": 0.0016167920548468828, "10": -0.0005934135406278074, "11": 1.947502070720475e-08, "12": 0.0007068602135404944, "13": 0.0005712185520678759}, "voltage": 37}