{"row": {"0": 0, "1": 2, "2": 1, "3": 8, "4": 2, "5": 0, "6": 3, "7": 3, "8": 4, "9": 4, "10": 5, "11": 2, "12": 1, "13": 3}, "col": {"0": 1, "1": 1, "2": 4, "3": 1, "4": 3, "5": 3, "6": 5, "7": 6, "8": 2, "9": 7, "10": 0, "11": 6, "12": 7, "13": 8}, "components": {"0": "r", "1": "r", "2": "r", "3": "r", "4": "r", "5": "r", "6": "r", "7": "r", "8": "r", "9": "d", "10": "v", "11": "r", "12": "r", "13": "r"}, "resistances": {"0": 8500.0, "1": 7400.0, "2": 9900.0, "3": 4900.0, "4": 3500.0, "5": 2000.0, "6": 2700.0, "7": 9000.0, "8": 7300.0, "9": NaN, "10": NaN, "11": 6200.0, "12": 9500.0, "13": 3800.0}, "edge_voltage": {"0": 6.328392028808594, "1": -1.9014720916748047, "2": 0.8840374946594238, "3": -1.705988883972168, "4": 1.1275291442871094, "5": 9.357393264770508, "6": 14.642606735229492, "7": -0.6676158905029297, "8": 1.0174345970153809, "9": -0.40805673599243164, "10": -24.0, "11": 0.4599132537841797, "12": 0.4759807586669922, "13": -1.323012351989746}, "edge_current": {"0": -0.0007445167284458876, "1": 0.0002569557400420308, "2": -8.929670002544299e-05, "3": 0.00034816100378520787, "4": -0.0003221509396098554, "5": -0.004678696393966675, "6": -0.005423187743872404, "7": 7.417949382215738e-05, "8": -0.00013937467883806676, "9": 5.009584128856659e-05, "10": -0.005423187743872404, "11": -7.417949382215738e-05, "12": -5.010324457543902e-05, "13": 0.00034816100378520787}, "voltage": 24}