{"row": {"0": 1, "1": 1, "2": 2, "3": 4, "4": 8, "5": 0, "6": 3, "7": 6, "8": 4, "9": 5, "10": 5, "11": 0, "12": 4, "13": 6}, "col": {"0": 0, "1": 2, "2": 3, "3": 2, "4": 2, "5": 3, "6": 5, "7": 3, "8": 0, "9": 0, "10": 7, "11": 6, "12": 7, "13": 8}, "components": {"0": "d", "1": "d", "2": "r", "3": "r", "4": "v", "5": "d", "6": "r", "7": "d", "8": "d", "9": "r", "10": "r", "11": "r", "12": "d", "13": "r"}, "resistances": {"0": NaN, "1": NaN, "2": 5000.0, "3": 7600.0, "4": NaN, "5": NaN, "6": 7200.0, "7": NaN, "8": NaN, "9": 9700.0, "10": 4000.0, "11": 8900.0, "12": NaN, "13": 400.0}, "edge_voltage": {"0": -0.03585978224873543, "1": 2.457761090248823, "2": -0.5695065259933472, "3": 1.9997719526290894, "4": 6.000000953674316, "5": 1.9241143465042114, "6": -0.8198187351226807, "7": 5.279674172401428, "8": -0.49384891986846924, "9": -1.1042956113815308, "10": -7.522106170654297e-05, "11": -3.355559825897217, "12": 0.610371470451355, "13": -0.15082025527954102}, "edge_current": {"0": 1.280568540096283e-08, "1": -1.4901161193847656e-08, "2": 0.00011390131840016693, "3": -0.0002631278766784817, "4": 0.00037705153226852417, "5": 0.0, "6": 0.00011386370897525921, "7": -2.9802322387695312e-08, "8": 0.00026315078139305115, "9": 0.00011384490790078416, "10": 1.8800468737367737e-08, "11": 0.00037702920963056386, "12": -1.862645149230957e-08, "13": 0.00037705045542679727}, "voltage": -6}