{"row": {"0": 1, "1": 0, "2": 6, "3": 2, "4": 3, "5": 7, "6": 11, "7": 0, "8": 3, "9": 8, "10": 1, "11": 5, "12": 5, "13": 4, "14": 10, "15": 7, "16": 8, "17": 9, "18": 10, "19": 11}, "col": {"0": 0, "1": 4, "2": 0, "3": 1, "4": 2, "5": 2, "6": 2, "7": 3, "8": 5, "9": 3, "10": 4, "11": 0, "12": 9, "13": 6, "14": 6, "15": 5, "16": 0, "17": 0, "18": 3, "19": 4}, "components": {"0": "v", "1": "r", "2": "r", "3": "d", "4": "r", "5": "d", "6": "r", "7": "r", "8": "r", "9": "r", "10": "r", "11": "r", "12": "d", "13": "d", "14": "r", "15": "r", "16": "d", "17": "r", "18": "r", "19": "r"}, "resistances": {"0": NaN, "1": 9500.0, "2": 5400.0, "3": NaN, "4": 8400.0, "5": NaN, "6": 9100.0, "7": 6700.0, "8": 7600.0, "9": 5700.0, "10": 3200.0, "11": 2600.0, "12": NaN, "13": NaN, "14": 2200.0, "15": 2800.0, "16": NaN, "17": 3500.0, "18": 3300.0, "19": 8300.0}, "edge_voltage": {"0": -3.0, "1": 1.4846071004867554, "2": -0.987952709197998, "3": 2.2022064924240112, "4": 0.3315657079219818, "5": 0.6791819185018539, "6": -0.3591957092285156, "7": 0.46622779965400696, "8": -0.3476691469550133, "9": 0.10829430818557739, "10": -1.5153928995132446, "11": -0.11855865269899368, "12": -0.11798098351573572, "13": -0.4966543912887573, "14": 0.20868998765945435, "15": -5.29363751411438e-05, "16": -0.35793349146842957, "17": -0.0005776691832579672, "18": -0.31303492188453674, "19": 0.327617883682251}, "edge_current": {"0": -0.0004735817201435566, "1": -0.000156274443725124, "2": 0.00018295420159120113, "3": -2.9802322387695312e-08, "4": -3.9472110074711964e-05, "5": -2.2351741790771484e-08, "6": 3.947204822907224e-05, "7": -6.95862399879843e-05, "8": 4.5745939132757485e-05, "9": -1.8999002350028604e-05, "10": 0.00047356027062051, "11": 4.559948138194159e-05, "12": 1.6530975699424744e-07, "13": 0.00027781352400779724, "14": -9.485906775807962e-05, "15": 1.8905859988649354e-08, "16": 1.8999911844730377e-05, "17": 1.6504833411090658e-07, "18": 9.485906775807962e-05, "19": -3.947204822907224e-05}, "voltage": 3}