{"row": {"0": 1, "1": 5, "2": 2, "3": 1, "4": 3, "5": 2, "6": 3, "7": 7, "8": 3, "9": 0, "10": 6, "11": 5, "12": 9, "13": 6, "14": 1, "15": 6, "16": 1, "17": 10}, "col": {"0": 0, "1": 0, "2": 1, "3": 4, "4": 2, "5": 8, "6": 0, "7": 3, "8": 10, "9": 4, "10": 4, "11": 2, "12": 5, "13": 1, "14": 7, "15": 8, "16": 9, "17": 1}, "components": {"0": "r", "1": "d", "2": "r", "3": "d", "4": "r", "5": "r", "6": "v", "7": "d", "8": "r", "9": "r", "10": "d", "11": "d", "12": "d", "13": "r", "14": "d", "15": "r", "16": "r", "17": "r"}, "resistances": {"0": 1100.0, "1": NaN, "2": 9500.0, "3": NaN, "4": 3700.0, "5": 3000.0, "6": NaN, "7": NaN, "8": 4200.0, "9": 400.0, "10": NaN, "11": NaN, "12": NaN, "13": 1000.0, "14": NaN, "15": 900.0, "16": 5900.0, "17": 9900.0}, "edge_voltage": {"0": 2.789207935333252, "1": 3.0784361362457275, "2": 0.5586779117584229, "3": 2.789192893056679, "4": 0.6521141529083252, "5": 0.3420591354370117, "6": 4.0, "7": -0.605396032333374, "8": 0.36066150665283203, "9": -1.504227657278534e-05, "10": 2.903193928746987, "11": -0.26944971084594727, "12": -0.2691659927368164, "13": 0.11400103569030762, "14": -0.605396032333374, "15": -0.10261774063110352, "16": -0.02006220817565918, "17": 0.850130558013916}, "edge_current": {"0": -0.002535643521696329, "1": -1.862645149230957e-08, "2": -5.880819298909046e-05, "3": 0.0, "4": -0.00017624707834329456, "5": -0.00011401972005842254, "6": 0.002535700798034668, "7": 0.002273567020893097, "8": -8.58717758092098e-05, "9": 3.760569100563771e-08, "10": -2.9802322387695312e-08, "11": 3.4123659133911133e-06, "12": 3.4123659133911133e-06, "13": -0.00011400091898394749, "14": 0.0022735781967639923, "15": 0.00011401972005842254, "16": 3.4003667224169476e-06, "17": -8.58717758092098e-05}, "voltage": -4}