{"row": {"0": 1, "1": 1, "2": 7, "3": 3, "4": 2, "5": 5, "6": 8, "7": 3, "8": 3, "9": 4, "10": 1, "11": 6, "12": 7, "13": 5}, "col": {"0": 0, "1": 2, "2": 1, "3": 2, "4": 4, "5": 2, "6": 2, "7": 0, "8": 6, "9": 1, "10": 5, "11": 1, "12": 5, "13": 8}, "components": {"0": "d", "1": "r", "2": "r", "3": "r", "4": "r", "5": "r", "6": "r", "7": "v", "8": "r", "9": "r", "10": "r", "11": "r", "12": "r", "13": "r"}, "resistances": {"0": NaN, "1": 4900.0, "2": 1900.0, "3": 5600.0, "4": 3900.0, "5": 100.0, "6": 6400.0, "7": NaN, "8": 5300.0, "9": 3700.0, "10": 4100.0, "11": 7000.0, "12": 300.0, "13": 1800.0}, "edge_voltage": {"0": -0.6835817098617554, "1": 6.777728199958801, "2": -5.475654244422913, "3": -37.53869009017944, "4": -3.4780447483062744, "5": 0.4374966621398926, "6": 0.3414607048034668, "7": -45.0, "8": -19.095691680908203, "9": -3.299683451652527, "10": 6.340231537818909, "11": -25.22072660923004, "12": 0.8645772933959961, "13": 0.09603595733642578}, "edge_current": {"0": 0.010306306183338165, "1": -0.0013832098338752985, "2": 0.002881923457607627, "3": 0.006703337654471397, "4": 0.0008918063249439001, "5": -0.004374967887997627, "6": -5.3353269322542474e-05, "7": -0.010306298732757568, "8": 0.0036029608454555273, "9": 0.0008918063249439001, "10": -0.00154639792162925, "11": 0.0036029608454555273, "12": -0.002881923457607627, "13": -5.3353269322542474e-05}, "voltage": 45}