{"row": {"0": 1, "1": 4, "2": 7, "3": 2, "4": 9, "5": 2, "6": 6, "7": 3, "8": 5, "9": 8, "10": 1, "11": 5, "12": 6, "13": 2, "14": 1, "15": 4}, "col": {"0": 0, "1": 0, "2": 0, "3": 1, "4": 1, "5": 3, "6": 2, "7": 0, "8": 3, "9": 3, "10": 4, "11": 2, "12": 4, "13": 7, "14": 8, "15": 9}, "components": {"0": "d", "1": "v", "2": "r", "3": "r", "4": "r", "5": "d", "6": "r", "7": "r", "8": "d", "9": "r", "10": "d", "11": "r", "12": "r", "13": "r", "14": "r", "15": "r"}, "resistances": {"0": NaN, "1": NaN, "2": 2700.0, "3": 8200.0, "4": 6300.0, "5": NaN, "6": 8500.0, "7": 5500.0, "8": NaN, "9": 2500.0, "10": NaN, "11": 4100.0, "12": 1800.0, "13": 2200.0, "14": 2400.0, "15": 2800.0}, "edge_voltage": {"0": -0.660717248916626, "1": -46.0, "2": -3.3454809188842773, "3": -5.410711050033569, "4": -31.38873267173767, "5": -0.5969424247741699, "6": -32.950761795043945, "7": -5.474485874176025, "8": -0.4046487808227539, "9": 2.4560043811798096, "10": 45.339282751083374, "11": 0.19229364395141602, "12": 6.977809906005859, "13": -2.725947380065918, "14": 2.35776424407959, "15": -13.950550079345703}, "edge_current": {"0": 0.0066245123744010925, "1": -0.008858799934387207, "2": 0.001239066943526268, "3": 0.0006598428008146584, "4": 0.00498233875259757, "5": 0.0019308701157569885, "6": 0.003876560367643833, "7": 0.0009953610133379698, "8": 4.690047353506088e-05, "9": -0.0009824017761275172, "10": 0.0, "11": -4.690092464443296e-05, "12": -0.003876560367643833, "13": 0.001239066943526268, "14": -0.0009824017761275172, "15": 0.00498233875259757}, "voltage": 46}