{"row": {"0": 1, "1": 0, "2": 0, "3": 2, "4": 9, "5": 3, "6": 6, "7": 3, "8": 5, "9": 8, "10": 1, "11": 5, "12": 4, "13": 7, "14": 1, "15": 9}, "col": {"0": 0, "1": 4, "2": 7, "3": 1, "4": 1, "5": 2, "6": 2, "7": 0, "8": 3, "9": 3, "10": 4, "11": 2, "12": 6, "13": 2, "14": 8, "15": 4}, "components": {"0": "r", "1": "d", "2": "r", "3": "v", "4": "r", "5": "r", "6": "r", "7": "r", "8": "r", "9": "r", "10": "r", "11": "r", "12": "d", "13": "r", "14": "r", "15": "r"}, "resistances": {"0": 7100.0, "1": NaN, "2": 2300.0, "3": NaN, "4": 7800.0, "5": 9300.0, "6": 4100.0, "7": 5700.0, "8": 3300.0, "9": 1700.0, "10": 8800.0, "11": 6700.0, "12": NaN, "13": 4400.0, "14": 1000.0, "15": 5700.0}, "edge_voltage": {"0": 10.830105781555176, "1": -0.5966764688491821, "2": 7.610560417175293, "3": -32.999999046325684, "4": -5.912647724151611, "5": 21.38711017370224, "6": 7.62939453125e-05, "7": -0.7827830910682678, "8": -7.0577468276023865, "9": 7.311819136142731, "10": 10.233429312705994, "11": 14.329363346099854, "12": 22.766493439674377, "13": 14.559332847595215, "14": 4.301069736480713, "15": 4.320781588554382}, "edge_current": {"0": -0.001525367028079927, "1": 0.0019209086894989014, "2": -0.0033089392818510532, "3": -0.00774735864251852, "4": 0.0007580317906104028, "5": -0.002299689454957843, "6": -1.882276734477273e-08, "7": 0.00013733036757912487, "8": 0.0021387110464274883, "9": -0.004301070235669613, "10": -0.0011628897627815604, "11": -0.0021387110464274883, "12": -2.9802322387695312e-08, "13": -0.0033089392818510532, "14": -0.004301070235669613, "15": -0.0007580317906104028}, "voltage": 33}