{"row": {"0": 0, "1": 5, "2": 1, "3": 4, "4": 6, "5": 2, "6": 7, "7": 0, "8": 10, "9": 4, "10": 4, "11": 4, "12": 11, "13": 1, "14": 4, "15": 0, "16": 3, "17": 9, "18": 10, "19": 2}, "col": {"0": 1, "1": 0, "2": 2, "3": 1, "4": 1, "5": 3, "6": 2, "7": 3, "8": 3, "9": 2, "10": 8, "11": 9, "12": 4, "13": 5, "14": 6, "15": 7, "16": 8, "17": 2, "18": 7, "19": 11}, "components": {"0": "r", "1": "r", "2": "d", "3": "r", "4": "r", "5": "r", "6": "r", "7": "r", "8": "r", "9": "r", "10": "r", "11": "r", "12": "d", "13": "r", "14": "r", "15": "v", "16": "r", "17": "r", "18": "r", "19": "r"}, "resistances": {"0": 2700.0, "1": 5300.0, "2": NaN, "3": 7300.0, "4": 9100.0, "5": 1800.0, "6": 9000.0, "7": 5400.0, "8": 7700.0, "9": 6700.0, "10": 3200.0, "11": 8600.0, "12": NaN, "13": 2700.0, "14": 7600.0, "15": NaN, "16": 5100.0, "17": 5500.0, "18": 10000.0, "19": 300.0}, "edge_voltage": {"0": -0.7949171662330627, "1": 0.5266326069831848, "2": -0.5060771107673645, "3": 0.30710524320602417, "4": 0.16734474897384644, "5": 0.06092703342437744, "6": 3.6990057229995728, "7": -1.2400672435760498, "8": 1.6356768608093262, "9": -0.19897186756134033, "10": -0.053222060203552246, "11": -0.12135875225067139, "12": 0.1989661455154419, "13": 0.26828455924987793, "14": 0.13976049423217773, "15": -5.0, "16": 0.08482277393341064, "17": -0.07761311531066895, "18": -2.124255895614624, "19": 5.7220458984375e-06}, "edge_current": {"0": 0.000294413766823709, "1": -9.936464630300179e-05, "2": 0.00033332034945487976, "3": -4.2069204937433824e-05, "4": -1.838953176047653e-05, "5": -3.384840238140896e-05, "6": -0.0004110006266273558, "7": 0.00022964207164477557, "8": -0.00021242558432277292, "9": 2.9697310310439207e-05, "10": 1.6631949620204978e-05, "11": 1.4111487871559802e-05, "12": -1.3969838619232178e-08, "13": -9.936464630300179e-05, "14": -1.838953176047653e-05, "15": -0.0006234270404092968, "16": -1.6631949620204978e-05, "17": 1.4111487871559802e-05, "18": 0.00021242558432277292, "19": -1.9281900520695672e-08}, "voltage": 5}