{"row": {"0": 0, "1": 0, "2": 2, "3": 8, "4": 3, "5": 4, "6": 3, "7": 3, "8": 7, "9": 9, "10": 4, "11": 5, "12": 0, "13": 2, "14": 5, "15": 9}, "col": {"0": 1, "1": 5, "2": 1, "3": 1, "4": 2, "5": 2, "6": 0, "7": 6, "8": 3, "9": 3, "10": 0, "11": 2, "12": 6, "13": 7, "14": 8, "15": 2}, "components": {"0": "r", "1": "r", "2": "v", "3": "d", "4": "r", "5": "r", "6": "r", "7": "r", "8": "d", "9": "r", "10": "r", "11": "r", "12": "r", "13": "r", "14": "r", "15": "r"}, "resistances": {"0": 3700.0, "1": 7300.0, "2": NaN, "3": NaN, "4": 700.0, "5": 9300.0, "6": 4400.0, "7": 4400.0, "8": NaN, "9": 7300.0, "10": 8500.0, "11": 5800.0, "12": 9700.0, "13": 3900.0, "14": 500.0, "15": 8900.0}, "edge_voltage": {"0": -18.626392364501953, "1": -13.879034042358398, "2": -41.0, "3": -0.6715087890625, "4": 3.3309249877929688, "5": 11.689553260803223, "6": -19.042682647705078, "7": -5.94239616394043, "8": -0.5454998016357422, "9": -1.5009994506835938, "10": -10.684054374694824, "11": 36.252641677856445, "12": 13.100286483764648, "13": -2.7854251861572266, "14": -4.075849533081055, "15": 1.829925537109375}, "edge_current": {"0": 0.005034144036471844, "1": 0.0019012375269085169, "2": -0.013185858726501465, "3": 0.008151739835739136, "4": -0.004758516326546669, "5": -0.0012569441460072994, "6": 0.0043278830125927925, "7": 0.0013505448587238789, "8": 0.0007141008973121643, "9": 0.00020561489509418607, "10": 0.0012569441460072994, "11": -0.006250464823096991, "12": -0.0013505448587238789, "13": 0.0007142210961319506, "14": 0.008151702582836151, "15": -0.00020561489509418607}, "voltage": 41}