{"row": {"0": 1, "1": 4, "2": 0, "3": 1, "4": 2, "5": 2, "6": 2, "7": 3, "8": 3, "9": 3, "10": 4, "11": 5, "12": 5, "13": 4, "14": 6, "15": 7, "16": 8, "17": 0, "18": 3, "19": 11}, "col": {"0": 0, "1": 0, "2": 6, "3": 2, "4": 3, "5": 7, "6": 11, "7": 0, "8": 5, "9": 8, "10": 1, "11": 0, "12": 9, "13": 6, "14": 10, "15": 5, "16": 0, "17": 9, "18": 10, "19": 4}, "components": {"0": "d", "1": "r", "2": "r", "3": "r", "4": "r", "5": "d", "6": "r", "7": "v", "8": "r", "9": "r", "10": "d", "11": "r", "12": "r", "13": "r", "14": "d", "15": "r", "16": "r", "17": "r", "18": "r", "19": "r"}, "resistances": {"0": NaN, "1": 4400.0, "2": 5900.0, "3": 5000.0, "4": 9900.0, "5": NaN, "6": 9900.0, "7": NaN, "8": 200.0, "9": 6800.0, "10": NaN, "11": 5900.0, "12": 5800.0, "13": 9300.0, "14": NaN, "15": 1700.0, "16": 3800.0, "17": 9300.0, "18": 600.0, "19": 2200.0}, "edge_voltage": {"0": 2.7777059078216553, "1": 2.2941863536834717, "2": -3.939119577407837, "3": -1.0776219367980957, "4": -1.144672155380249, "5": -0.48664355278015137, "6": 1.2772974967956543, "7": 5.0, "8": 0.2688312530517578, "9": 3.207547187805176, "10": -0.4835195541381836, "11": 4.731168746948242, "12": 1.817270040512085, "13": -1.6449332237243652, "14": -0.5541665554046631, "15": -0.38919734954833984, "16": 1.7924528121948242, "17": -2.9138987064361572, "18": 0.5067138671875, "19": 0.283843994140625}, "edge_current": {"0": -2.2351741790771484e-08, "1": -0.0005214060074649751, "2": 0.0006676474004052579, "3": 0.0002155243419110775, "4": 0.00011562345753191039, "5": 0.00022893026471138, "6": -0.0001290199434151873, "7": 0.0027759999502450228, "8": -0.0013441552873700857, "9": -0.0004716981202363968, "10": 0.00021551549434661865, "11": -0.0008018930675461888, "12": -0.00031332243815995753, "13": 0.00017687455692794174, "14": 0.0008445084095001221, "15": 0.00022893982531968504, "16": -0.0004716981202363968, "17": 0.00031332243815995753, "18": -0.0008445229614153504, "19": -0.0001290199434151873}, "voltage": -5}