{"row": {"0": 0, "1": 4, "2": 11, "3": 2, "4": 6, "5": 10, "6": 3, "7": 8, "8": 3, "9": 3, "10": 3, "11": 3, "12": 4, "13": 1, "14": 6, "15": 7, "16": 8, "17": 7, "18": 10, "19": 9}, "col": {"0": 1, "1": 0, "2": 0, "3": 1, "4": 1, "5": 1, "6": 2, "7": 2, "8": 0, "9": 5, "10": 7, "11": 9, "12": 2, "13": 5, "14": 2, "15": 1, "16": 5, "17": 9, "18": 3, "19": 11}, "components": {"0": "r", "1": "r", "2": "d", "3": "d", "4": "r", "5": "r", "6": "r", "7": "r", "8": "r", "9": "r", "10": "d", "11": "r", "12": "d", "13": "r", "14": "r", "15": "d", "16": "r", "17": "r", "18": "d", "19": "v"}, "resistances": {"0": 9100.0, "1": 9200.0, "2": NaN, "3": NaN, "4": 6500.0, "5": 2700.0, "6": 7500.0, "7": 9300.0, "8": 1800.0, "9": 1100.0, "10": NaN, "11": 7700.0, "12": NaN, "13": 5100.0, "14": 6700.0, "15": NaN, "16": 9900.0, "17": 400.0, "18": NaN, "19": NaN}, "edge_voltage": {"0": 1.9842795154545456e-05, "1": -8.921475824763547e-08, "2": 1.999826192855835, "3": -6.725495040882379e-06, "4": -3.3117958082584664e-06, "5": -9.858922567218542e-09, "6": -3.333887434564531e-06, "7": -7.166017894633114e-07, "8": -2.9902177629992366e-05, "9": -1.854450601967983e-06, "10": 0.00014389849093277007, "11": 0.00014394109894055873, "12": 2.64790754371802e-05, "13": 8.204931873478927e-06, "14": 3.4136992326239124e-06, "15": -0.00015395787340821698, "16": 7.628350431332365e-07, "17": 4.260800778865814e-08, "18": 1.0049523552879691e-05, "19": -2.0000000361324055}, "edge_current": {"0": -2.180526870176891e-09, "1": 9.6972560190145e-12, "2": -1.4901161193847656e-08, "3": 2.4300561562995426e-12, "4": 5.095072141969581e-10, "5": 3.6519177439020556e-12, "6": 4.4451833880465585e-10, "7": 7.705400206781121e-11, "8": 1.66123204081714e-08, "9": 1.6858642259975909e-09, "10": -5.2295945351943374e-11, "11": -1.8693649295187242e-08, "12": -9.663381206337363e-12, "13": -1.608810196174204e-09, "14": -5.095072141969581e-10, "15": 5.616129783447832e-11, "16": -7.705400206781121e-11, "17": -1.065001975497637e-10, "18": -3.694822225952521e-12, "19": -1.4901161193847656e-08}, "voltage": 2}