{"row": {"0": 1, "1": 4, "2": 1, "3": 6, "4": 3, "5": 3, "6": 3, "7": 3, "8": 9, "9": 3, "10": 2, "11": 7, "12": 5, "13": 2, "14": 3, "15": 8, "16": 9, "17": 7}, "col": {"0": 0, "1": 0, "2": 2, "3": 1, "4": 2, "5": 0, "6": 5, "7": 8, "8": 3, "9": 10, "10": 4, "11": 4, "12": 2, "13": 6, "14": 7, "15": 1, "16": 7, "17": 10}, "components": {"0": "r", "1": "d", "2": "r", "3": "r", "4": "r", "5": "v", "6": "d", "7": "r", "8": "r", "9": "r", "10": "r", "11": "r", "12": "r", "13": "r", "14": "r", "15": "r", "16": "r", "17": "r"}, "resistances": {"0": 8100.0, "1": NaN, "2": 2900.0, "3": 4500.0, "4": 9600.0, "5": NaN, "6": NaN, "7": 3000.0, "8": 7200.0, "9": 8500.0, "10": 8100.0, "11": 9500.0, "12": 4200.0, "13": 6900.0, "14": 9300.0, "15": 2400.0, "16": 4700.0, "17": 2400.0}, "edge_voltage": {"0": -29.495254516601562, "1": -0.6648945212364197, "2": 1.780477523803711, "3": -0.70281982421875, "4": -13.724267959594727, "5": -45.0, "6": -0.6217613220214844, "7": -8.613746643066406, "8": 7.266815185546875, "9": -9.365928649902344, "10": -30.610837519168854, "11": -32.32467609643936, "12": -13.102506637573242, "13": -1.077657699584961, "14": -12.010429382324219, "15": -6.890998840332031, "16": -4.743614196777344, "17": 2.644500732421875}, "edge_current": {"0": 0.003641389310359955, "1": 0.007181715220212936, "2": -0.0006139578181318939, "3": 0.0001561822573421523, "4": 0.0014296112349256873, "5": -0.010822946205735207, "6": 0.0031196456402540207, "7": 0.0028712493367493153, "8": -0.001009279629215598, "9": 0.0011018741643056273, "10": 0.0037791156210005283, "11": 0.003402597736567259, "12": 0.0031196444761008024, "13": 0.0001561822573421523, "14": 0.0012914438266307116, "15": 0.0028712493367493153, "16": 0.001009279629215598, "17": -0.0011018741643056273}, "voltage": 45}