{"row": {"0": 0, "1": 6, "2": 0, "3": 1, "4": 5, "5": 3, "6": 2, "7": 2, "8": 0, "9": 3, "10": 4, "11": 0, "12": 2, "13": 5, "14": 8, "15": 3}, "col": {"0": 1, "1": 0, "2": 9, "3": 2, "4": 1, "5": 2, "6": 4, "7": 8, "8": 3, "9": 7, "10": 1, "11": 5, "12": 6, "13": 7, "14": 3, "15": 9}, "components": {"0": "r", "1": "r", "2": "r", "3": "r", "4": "d", "5": "d", "6": "r", "7": "v", "8": "r", "9": "r", "10": "d", "11": "d", "12": "r", "13": "r", "14": "r", "15": "r"}, "resistances": {"0": 5200.0, "1": 3500.0, "2": 8700.0, "3": 2100.0, "4": NaN, "5": NaN, "6": 8600.0, "7": NaN, "8": 1700.0, "9": 8800.0, "10": NaN, "11": NaN, "12": 1400.0, "13": 2700.0, "14": 3700.0, "15": 2500.0}, "edge_voltage": {"0": 2.1396689414978027, "1": -2.0805885791778564, "2": -1.0603926181793213, "3": 0.7731552124023438, "4": 2.5726010501384735, "5": 4.277927279472351, "6": -0.3726062774658203, "7": -8.0, "8": -1.3651031255722046, "9": 0.7133134603500366, "10": -0.40054893493652344, "11": -0.4329321086406708, "12": -0.83223557472229, "13": -0.2188575565814972, "14": 3.722072720527649, "15": 0.3047105073928833}, "edge_current": {"0": -0.0004114747862331569, "1": 0.0005944538861513138, "2": 0.00012188420805614442, "3": -0.00036816915962845087, "4": -2.2351741790771484e-08, "5": -2.9802322387695312e-08, "6": 4.332630487624556e-05, "7": -0.0010059658670797944, "8": 0.0008030018652789295, "9": -8.105835149763152e-05, "10": 4.333816468715668e-05, "11": 8.103623986244202e-05, "12": 0.0005944538861513138, "13": 8.105835149763152e-05, "14": -0.0010059656342491508, "15": -0.00012188420805614442}, "voltage": 8}