{"row": {"0": 1, "1": 0, "2": 1, "3": 1, "4": 1, "5": 2, "6": 9, "7": 3, "8": 3, "9": 3, "10": 2, "11": 2, "12": 6, "13": 7, "14": 7, "15": 4, "16": 1, "17": 10}, "col": {"0": 0, "1": 7, "2": 2, "3": 4, "4": 5, "5": 3, "6": 2, "7": 0, "8": 6, "9": 8, "10": 4, "11": 5, "12": 1, "13": 2, "14": 10, "15": 8, "16": 9, "17": 6}, "components": {"0": "r", "1": "r", "2": "r", "3": "r", "4": "r", "5": "r", "6": "d", "7": "r", "8": "r", "9": "r", "10": "r", "11": "d", "12": "r", "13": "d", "14": "r", "15": "r", "16": "r", "17": "v"}, "resistances": {"0": 1300.0, "1": 5400.0, "2": 100.0, "3": 100.0, "4": 100.0, "5": 1200.0, "6": NaN, "7": 1200.0, "8": 4300.0, "9": 6900.0, "10": 1900.0, "11": NaN, "12": 1100.0, "13": NaN, "14": 5300.0, "15": 8200.0, "16": 1500.0, "17": NaN}, "edge_voltage": {"0": -0.0713488832116127, "1": 1.0925414562225342, "2": 0.3789028152823448, "3": 0.016450919210910797, "4": 0.002705104649066925, "5": -0.7589024901390076, "6": 0.3788747042417526, "7": 0.30865079164505005, "8": -3.9382960200309753, "9": 0.18115954101085663, "10": -0.362451896071434, "11": -0.3761977106332779, "12": 4.318295694887638, "13": -0.6422897577285767, "14": 25.6605122089386, "15": -0.21529105305671692, "16": 2.8111040592193604e-05, "17": -31.000000476837158}, "edge_current": {"0": 5.488375973072834e-05, "1": -0.0002023224951699376, "2": -0.003789028152823448, "3": -0.00016450915427412838, "4": -2.7050984499510378e-05, "5": 0.0006324187270365655, "6": -1.909211277961731e-08, "7": -0.0002572090015746653, "8": 0.0009158827597275376, "9": -2.6255007469444536e-05, "10": 0.0001907641562866047, "11": 2.705305814743042e-05, "12": -0.003925723023712635, "13": 0.004639297723770142, "14": -0.004841606132686138, "15": 2.6255007469444536e-05, "16": -1.8736828977239384e-08, "17": -0.004841606132686138}, "voltage": 31}