{"row": {"0": 0, "1": 4, "2": 1, "3": 8, "4": 3, "5": 7, "6": 0, "7": 5, "8": 6, "9": 1, "10": 5, "11": 6, "12": 6, "13": 1, "14": 0, "15": 4}, "col": {"0": 1, "1": 0, "2": 2, "3": 1, "4": 2, "5": 2, "6": 3, "7": 3, "8": 3, "9": 4, "10": 2, "11": 4, "12": 9, "13": 7, "14": 8, "15": 9}, "components": {"0": "d", "1": "r", "2": "d", "3": "r", "4": "r", "5": "r", "6": "d", "7": "r", "8": "r", "9": "r", "10": "r", "11": "d", "12": "r", "13": "r", "14": "v", "15": "r"}, "resistances": {"0": NaN, "1": 1400.0, "2": NaN, "3": 9400.0, "4": 4200.0, "5": 1000.0, "6": NaN, "7": 3500.0, "8": 2500.0, "9": 5800.0, "10": 600.0, "11": NaN, "12": 4500.0, "13": 7600.0, "14": NaN, "15": 5700.0}, "edge_voltage": {"0": -0.5976808667182922, "1": 0.13334836065769196, "2": 0.21875369548797607, "3": 19.402319133281708, "4": -0.05281147360801697, "5": 0.025436460971832275, "6": -0.3261156976222992, "7": 0.04508295655250549, "8": -0.037983328104019165, "9": 0.4643325060606003, "10": -0.007728517055511475, "11": 0.15478400886058807, "12": 0.06828705966472626, "13": 0.1933172345161438, "14": -20.0, "15": -0.08649694919586182}, "edge_current": {"0": 0.0019585639238357544, "1": -9.52488262555562e-05, "2": -1.7695128917694092e-08, "3": -0.0020640764851123095, "4": 1.2574158972711302e-05, "5": -2.5436478608753532e-05, "6": 1.0263174772262573e-05, "7": -1.2880845133622643e-05, "8": 1.5193328181339893e-05, "9": -8.005733252502978e-05, "10": 1.2880845133622643e-05, "11": -1.7462298274040222e-08, "12": -1.5174902728176676e-05, "13": -2.5436478608753532e-05, "14": -0.0020640764851123095, "15": 1.5174902728176676e-05}, "voltage": 20}