{"row": {"0": 1, "1": 0, "2": 1, "3": 1, "4": 2, "5": 7, "6": 0, "7": 5, "8": 3, "9": 4, "10": 2, "11": 6, "12": 9, "13": 1, "14": 0, "15": 9}, "col": {"0": 0, "1": 4, "2": 2, "3": 8, "4": 3, "5": 2, "6": 3, "7": 3, "8": 6, "9": 1, "10": 5, "11": 4, "12": 6, "13": 7, "14": 8, "15": 4}, "components": {"0": "v", "1": "r", "2": "r", "3": "d", "4": "r", "5": "r", "6": "r", "7": "r", "8": "r", "9": "r", "10": "r", "11": "r", "12": "r", "13": "r", "14": "r", "15": "d"}, "resistances": {"0": NaN, "1": 300.0, "2": 9800.0, "3": NaN, "4": 8100.0, "5": 2700.0, "6": 2000.0, "7": 3500.0, "8": 3900.0, "9": 1100.0, "10": 7800.0, "11": 3000.0, "12": 6200.0, "13": 4000.0, "14": 2900.0, "15": NaN}, "edge_voltage": {"0": -2.0, "1": 0.42710059881210327, "2": -0.7393484115600586, "3": -0.5278370380401611, "4": -0.8765846788883209, "5": -0.2979464530944824, "6": 0.3840669095516205, "7": -0.2715085446834564, "8": 0.024333029985427856, "9": 1.5728994011878967, "10": -0.6050761342048645, "11": 0.01870065927505493, "12": -3.528594970703125e-05, "13": -0.44140195846557617, "14": 1.4721629619598389, "15": 0.0186653733253479}, "edge_current": {"0": -0.0021233519073575735, "1": -0.0014236686984077096, "2": 7.544370600953698e-05, "3": 0.0005076490342617035, "4": 0.00010822033800650388, "5": 0.00011035049828933552, "6": -0.000192033447092399, "7": 7.757387356832623e-05, "8": -6.239241884031799e-06, "9": -0.0014299085596576333, "10": 7.757387356832623e-05, "11": -6.23355344941956e-06, "12": 5.688534532310996e-09, "13": 0.00011035049828933552, "14": -0.0005076423985883594, "15": -7.334165275096893e-09}, "voltage": 2}