{"row": {"0": 1, "1": 2, "2": 1, "3": 1, "4": 2, "5": 0, "6": 5, "7": 3, "8": 4, "9": 4, "10": 0, "11": 2, "12": 1, "13": 8}, "col": {"0": 0, "1": 1, "2": 4, "3": 8, "4": 3, "5": 3, "6": 3, "7": 6, "8": 2, "9": 7, "10": 5, "11": 6, "12": 7, "13": 3}, "components": {"0": "r", "1": "r", "2": "d", "3": "r", "4": "r", "5": "d", "6": "r", "7": "r", "8": "r", "9": "r", "10": "r", "11": "r", "12": "v", "13": "r"}, "resistances": {"0": 5500.0, "1": 3600.0, "2": NaN, "3": 2300.0, "4": 1500.0, "5": NaN, "6": 1600.0, "7": 4000.0, "8": 4300.0, "9": 3300.0, "10": 5900.0, "11": 1600.0, "12": NaN, "13": 8400.0}, "edge_voltage": {"0": 0.33440515398979187, "1": -0.9540373980998993, "2": 2.6785552203655243, "3": 0.17105121910572052, "4": -0.161213219165802, "5": 0.4584190249443054, "6": 0.09779605269432068, "7": 0.11515229940414429, "8": -1.724517822265625, "9": 1.3214447498321533, "10": 0.36062297224998474, "11": -0.046060919761657715, "12": 3.9999999701976776, "13": 0.6217729598283768}, "edge_current": {"0": -6.065478009986691e-05, "1": 0.0002647870860528201, "2": -9.5367431640625e-07, "3": -7.402058690786362e-05, "4": 0.0001074754836736247, "5": -7.152557373046875e-07, "6": -6.112253322498873e-05, "7": -2.8788075724150985e-05, "8": 0.0004010506672784686, "9": -0.00040068139787763357, "10": -6.112253322498873e-05, "11": 2.8788075724150985e-05, "12": 0.000400543212890625, "13": -7.402058690786362e-05}, "voltage": -4}