{"row": {"0": 0, "1": 7, "2": 8, "3": 0, "4": 2, "5": 1, "6": 3, "7": 2, "8": 6, "9": 2, "10": 3, "11": 10, "12": 4, "13": 0, "14": 0, "15": 5, "16": 2, "17": 9, "18": 2, "19": 11}, "col": {"0": 1, "1": 0, "2": 0, "3": 11, "4": 1, "5": 5, "6": 2, "7": 4, "8": 2, "9": 9, "10": 0, "11": 3, "12": 1, "13": 5, "14": 6, "15": 7, "16": 8, "17": 5, "18": 10, "19": 7}, "components": {"0": "d", "1": "d", "2": "r", "3": "r", "4": "r", "5": "d", "6": "d", "7": "r", "8": "r", "9": "r", "10": "r", "11": "r", "12": "d", "13": "r", "14": "r", "15": "r", "16": "d", "17": "r", "18": "v", "19": "r"}, "resistances": {"0": NaN, "1": NaN, "2": 4300.0, "3": 2800.0, "4": 500.0, "5": NaN, "6": NaN, "7": 6800.0, "8": 5800.0, "9": 1100.0, "10": 6500.0, "11": 6200.0, "12": NaN, "13": 8300.0, "14": 8000.0, "15": 1900.0, "16": NaN, "17": 4500.0, "18": NaN, "19": 5600.0}, "edge_voltage": {"0": 0.9246905446052551, "1": -0.3759015202522278, "2": -0.5004242658615112, "3": 0.12530049681663513, "4": -0.02738243341445923, "5": -0.41265904903411865, "6": 3.0237869024276733, "7": -8.887052536010742e-05, "8": 0.40014660358428955, "9": -0.08643674850463867, "10": 2.071713924407959, "11": 1.976212978363037, "12": -0.02729356288909912, "13": 0.5120314955711365, "14": 0.5519263744354248, "15": -0.1361299753189087, "16": -0.4516487121582031, "17": -0.3536047339439392, "18": -4.9999998807907104, "19": 0.25060102343559265}, "edge_current": {"0": -1.862645149230957e-08, "1": 2.689659595489502e-05, "2": 0.00011637774150585756, "3": -4.47501806775108e-05, "4": 5.4764896049164236e-05, "5": 5.4759904742240906e-05, "6": -2.2351741790771484e-08, "7": 1.3069440640833818e-08, "8": -6.899079744471237e-05, "9": 7.857883610995486e-05, "10": -0.00031872521503828466, "11": -0.00031874404521659017, "12": 1.1175870895385742e-08, "13": -6.169054540805519e-05, "14": -6.899079744471237e-05, "15": 7.164736598497257e-05, "16": 0.00011637993156909943, "17": 7.857883610995486e-05, "18": -0.00031874404521659017, "19": -4.47501806775108e-05}, "voltage": 5}