{"row": {"0": 1, "1": 4, "2": 0, "3": 1, "4": 2, "5": 2, "6": 2, "7": 3, "8": 3, "9": 3, "10": 4, "11": 5, "12": 5, "13": 4, "14": 6, "15": 7, "16": 8, "17": 0, "18": 3, "19": 11}, "col": {"0": 0, "1": 0, "2": 6, "3": 2, "4": 3, "5": 7, "6": 11, "7": 0, "8": 5, "9": 8, "10": 1, "11": 0, "12": 9, "13": 6, "14": 10, "15": 5, "16": 0, "17": 9, "18": 10, "19": 4}, "components": {"0": "d", "1": "r", "2": "r", "3": "r", "4": "r", "5": "d", "6": "r", "7": "v", "8": "r", "9": "r", "10": "d", "11": "r", "12": "r", "13": "r", "14": "d", "15": "r", "16": "r", "17": "r", "18": "r", "19": "r"}, "resistances": {"0": NaN, "1": 4400.0, "2": 5900.0, "3": 5000.0, "4": 9900.0, "5": NaN, "6": 9900.0, "7": NaN, "8": 200.0, "9": 6800.0, "10": NaN, "11": 5900.0, "12": 5800.0, "13": 9300.0, "14": NaN, "15": 1700.0, "16": 3800.0, "17": 9300.0, "18": 600.0, "19": 2200.0}, "edge_voltage": {"0": 2.239353656768799, "1": 1.7714992761611938, "2": -3.063782215118408, "3": -0.7960813045501709, "4": -0.9645650386810303, "5": -0.4700949192047119, "6": 1.0341291427612305, "7": 4.0, "8": 0.2118375301361084, "9": 2.5660377740859985, "10": -0.467854380607605, "11": 3.7881624698638916, "12": 1.4550557136535645, "13": -1.2922829389572144, "14": -0.5412757396697998, "15": -0.28263258934020996, "16": 1.4339622259140015, "17": -2.333106756210327, "18": 0.394942045211792, "19": 0.2298065423965454}, "edge_current": {"0": -3.725290298461914e-08, "1": -0.00040261345566250384, "2": 0.0005192850949242711, "3": 0.0001592162298038602, "4": 9.743082046043128e-05, "5": 0.00016624480485916138, "6": -0.00010445748921483755, "7": 0.0021922169253230095, "8": -0.001059187576174736, "9": -0.00037735849036835134, "10": 0.0001592002809047699, "11": -0.0006420614663511515, "12": -0.00025087170070037246, "13": 0.00013895514712203294, "14": 0.0006582401692867279, "15": 0.000166254467330873, "16": -0.00037735849036835134, "17": 0.00025087170070037246, "18": -0.0006582369096577168, "19": -0.00010445748921483755}, "voltage": -4}