{"row": {"0": 0, "1": 4, "2": 1, "3": 8, "4": 3, "5": 7, "6": 0, "7": 5, "8": 6, "9": 1, "10": 5, "11": 6, "12": 6, "13": 1, "14": 0, "15": 4}, "col": {"0": 1, "1": 0, "2": 2, "3": 1, "4": 2, "5": 2, "6": 3, "7": 3, "8": 3, "9": 4, "10": 2, "11": 4, "12": 9, "13": 7, "14": 8, "15": 9}, "components": {"0": "d", "1": "r", "2": "d", "3": "r", "4": "r", "5": "r", "6": "d", "7": "r", "8": "r", "9": "r", "10": "r", "11": "d", "12": "r", "13": "r", "14": "v", "15": "r"}, "resistances": {"0": NaN, "1": 1400.0, "2": NaN, "3": 9400.0, "4": 4200.0, "5": 1000.0, "6": NaN, "7": 3500.0, "8": 2500.0, "9": 5800.0, "10": 600.0, "11": NaN, "12": 4500.0, "13": 7600.0, "14": NaN, "15": 5700.0}, "edge_voltage": {"0": -0.5775232911109924, "1": 0.12924745678901672, "2": 0.20746523141860962, "3": 13.422476708889008, "4": -0.050088077783584595, "5": 0.024123847484588623, "6": -0.3199699819087982, "7": 0.04275810718536377, "8": -0.03758054971694946, "9": 0.4482758343219757, "10": -0.007329970598220825, "11": 0.15314197540283203, "12": 0.06756263971328735, "13": 0.183341383934021, "14": -14.0, "15": -0.08557933568954468}, "edge_current": {"0": 0.0013264864683151245, "1": -9.231961303157732e-05, "2": -2.1420419216156006e-08, "3": -0.001427923096343875, "4": 1.1925727449124679e-05, "5": -2.4123866751324385e-05, "6": 9.11019742488861e-06, "7": -1.2216599316161592e-05, "8": 1.5032225746836048e-05, "9": -7.72889397921972e-05, "10": 1.2216599316161592e-05, "11": -1.6763806343078613e-08, "12": -1.501391852798406e-05, "13": -2.4123866751324385e-05, "14": -0.001427923096343875, "15": 1.501391852798406e-05}, "voltage": 14}