{"row": {"0": 0, "1": 1, "2": 3, "3": 2, "4": 3, "5": 5, "6": 6, "7": 1, "8": 2, "9": 5, "10": 0, "11": 4}, "col": {"0": 1, "1": 2, "2": 2, "3": 4, "4": 0, "5": 3, "6": 3, "7": 4, "8": 5, "9": 7, "10": 6, "11": 7}, "components": {"0": "v", "1": "r", "2": "r", "3": "r", "4": "r", "5": "r", "6": "r", "7": "r", "8": "r", "9": "r", "10": "r", "11": "r"}, "resistances": {"0": NaN, "1": 4300.0, "2": 1400.0, "3": 1700.0, "4": 9400.0, "5": 200.0, "6": 300.0, "7": 600.0, "8": 6300.0, "9": 7800.0, "10": 1300.0, "11": 4800.0}, "edge_voltage": {"0": -13.0, "1": 4.7047834396362305, "2": -3.4794535636901855, "3": -3.247964859008789, "4": 4.815762996673584, "5": 0.2073683738708496, "6": -0.9029555320739746, "7": 1.4568185806274414, "8": 3.272085189819336, "9": -4.036221504211426, "10": -3.9128074645996094, "11": 2.483828544616699}, "edge_current": {"0": -0.003522166982293129, "1": -0.0010941355722025037, "2": 0.002485324162989855, "3": 0.0019105671672150493, "4": -0.0005123151931911707, "5": -0.0010368428193032742, "6": 0.0030098517891019583, "7": -0.002428031526505947, "8": -0.000519378634635359, "9": 0.000517464242875576, "10": 0.0030098517891019583, "11": -0.000517464242875576}, "voltage": 13}