{"row": {"0": 0, "1": 7, "2": 8, "3": 11, "4": 1, "5": 1, "6": 2, "7": 4, "8": 2, "9": 2, "10": 3, "11": 10, "12": 4, "13": 5, "14": 6, "15": 5, "16": 8, "17": 5, "18": 10, "19": 11}, "col": {"0": 1, "1": 0, "2": 0, "3": 0, "4": 2, "5": 5, "6": 3, "7": 2, "8": 6, "9": 9, "10": 0, "11": 3, "12": 1, "13": 0, "14": 0, "15": 7, "16": 2, "17": 9, "18": 2, "19": 7}, "components": {"0": "d", "1": "r", "2": "r", "3": "r", "4": "r", "5": "r", "6": "r", "7": "r", "8": "r", "9": "v", "10": "r", "11": "r", "12": "r", "13": "r", "14": "d", "15": "r", "16": "d", "17": "r", "18": "r", "19": "r"}, "resistances": {"0": NaN, "1": 2900.0, "2": 900.0, "3": 2000.0, "4": 3000.0, "5": 8900.0, "6": 4200.0, "7": 7100.0, "8": 8000.0, "9": NaN, "10": 300.0, "11": 5300.0, "12": 4700.0, "13": 6800.0, "14": NaN, "15": 9200.0, "16": NaN, "17": 3100.0, "18": 200.0, "19": 4700.0}, "edge_voltage": {"0": 1.644911766052246, "1": 1.7148630619049072, "2": -2.0683091861428693e-05, "3": 0.511899471282959, "4": 2.9979162216186523, "5": -11.154767990112305, "6": -4.123388409614563, "7": 1.8038315773010254, "8": -4.114318013191223, "9": -25.0, "10": -0.5194395780563354, "11": -3.9734450578689575, "12": -1.194084644317627, "13": 9.509856224060059, "14": -0.5285099744796753, "15": 7.794993162155151, "16": 4.642807304579037, "17": -10.847315788269043, "18": 0.14994335174560547, "19": -1.2029635906219482}, "edge_current": {"0": -2.2351741790771484e-08, "1": -0.0005913320346735418, "2": 2.2981213376738197e-08, "3": -0.00025594973703846335, "4": -0.000999304698780179, "5": 0.0012533447006717324, "6": 0.0009817585814744234, "7": -0.00025406054919585586, "8": 0.0005142894806340337, "9": -0.003499134909361601, "10": 0.0017314653377979994, "11": 0.0007497066399082541, "12": 0.00025406054919585586, "13": -0.0013985082041472197, "14": 0.0005142875015735626, "15": -0.000847281888127327, "16": -1.862645149230957e-08, "17": 0.003499134909361601, "18": -0.0007497066399082541, "19": 0.00025594973703846335}, "voltage": 25}