{"row": {"0": 0, "1": 7, "2": 8, "3": 11, "4": 1, "5": 1, "6": 2, "7": 4, "8": 2, "9": 2, "10": 3, "11": 10, "12": 4, "13": 5, "14": 6, "15": 5, "16": 8, "17": 5, "18": 10, "19": 11}, "col": {"0": 1, "1": 0, "2": 0, "3": 0, "4": 2, "5": 5, "6": 3, "7": 2, "8": 6, "9": 9, "10": 0, "11": 3, "12": 1, "13": 0, "14": 0, "15": 7, "16": 2, "17": 9, "18": 2, "19": 7}, "components": {"0": "d", "1": "r", "2": "r", "3": "r", "4": "r", "5": "r", "6": "r", "7": "r", "8": "r", "9": "v", "10": "r", "11": "r", "12": "r", "13": "r", "14": "d", "15": "r", "16": "d", "17": "r", "18": "r", "19": "r"}, "resistances": {"0": NaN, "1": 2900.0, "2": 900.0, "3": 2000.0, "4": 3000.0, "5": 8900.0, "6": 4200.0, "7": 7100.0, "8": 8000.0, "9": NaN, "10": 300.0, "11": 5300.0, "12": 4700.0, "13": 6800.0, "14": NaN, "15": 9200.0, "16": NaN, "17": 3100.0, "18": 200.0, "19": 4700.0}, "edge_voltage": {"0": 1.4575084447860718, "1": 1.5078397989273071, "2": -1.7505293726571836e-05, "3": 0.45010143518447876, "4": 2.6390029191970825, "5": -9.81930673122406, "6": -3.6381934881210327, "7": 1.5878746509552002, "8": -3.575265407562256, "9": -21.999999523162842, "10": -0.4583178758621216, "11": -3.505895495414734, "12": -1.0511282682418823, "13": 8.361798286437988, "14": -0.5212459564208984, "15": 6.853958487510681, "16": 4.096493858689428, "17": -9.5416898727417, "18": 0.13229799270629883, "19": -1.0577383637428284}, "edge_current": {"0": -2.0489096641540527e-08, "1": -0.0005199447623454034, "2": 1.9450325794423406e-08, "3": -0.0002250507241114974, "4": -0.0008796676411293447, "5": 0.0011032929178327322, "6": 0.0008662365726195276, "7": -0.00022364432516042143, "8": 0.000446908175945282, "9": -0.0030779645312577486, "10": 0.0015277263009920716, "11": 0.000661489728372544, "12": 0.00022364432516042143, "13": -0.0012296761851757765, "14": 0.00044690631330013275, "15": -0.0007449954864569008, "16": -2.2351741790771484e-08, "17": 0.0030779645312577486, "18": -0.000661489728372544, "19": 0.0002250507241114974}, "voltage": 22}