{"row": {"0": 0, "1": 4, "2": 2, "3": 6, "4": 3, "5": 2, "6": 9, "7": 0, "8": 1, "9": 3, "10": 5, "11": 0, "12": 6, "13": 7, "14": 0, "15": 9}, "col": {"0": 1, "1": 0, "2": 1, "3": 1, "4": 2, "5": 5, "6": 2, "7": 3, "8": 4, "9": 5, "10": 7, "11": 6, "12": 8, "13": 2, "14": 8, "15": 6}, "components": {"0": "r", "1": "d", "2": "r", "3": "r", "4": "r", "5": "r", "6": "r", "7": "r", "8": "d", "9": "r", "10": "r", "11": "r", "12": "r", "13": "d", "14": "v", "15": "r"}, "resistances": {"0": 8400.0, "1": NaN, "2": 5800.0, "3": 4700.0, "4": 2000.0, "5": 800.0, "6": 2100.0, "7": 1600.0, "8": NaN, "9": 1700.0, "10": 6000.0, "11": 6900.0, "12": 3000.0, "13": NaN, "14": NaN, "15": 100.0}, "edge_voltage": {"0": -5.93127965927124, "1": 2.96563982963562, "2": -0.5023961067199707, "3": 3.725886821746826, "4": -2.2151851654052734, "5": 0.6835379600524902, "6": 4.036087989807129, "7": -3.213698387145996, "8": 2.96563982963562, "9": -1.5316472053527832, "10": -0.2792806625366211, "11": -9.657166481018066, "12": -12.342833518981934, "13": -0.40425729751586914, "14": -22.0, "15": -0.19219493865966797}, "edge_current": {"0": 0.0007061046781018376, "1": -1.862645149230957e-08, "2": 8.662002073833719e-05, "3": -0.0007927418337203562, "4": 0.0011075924849137664, "5": -0.0008544221636839211, "6": -0.0019219467649236321, "7": 0.002008561510592699, "8": 0.0, "9": 0.0009009689674712718, "10": 4.654679651139304e-05, "11": 0.0013995893532410264, "12": 0.0041142781265079975, "13": 4.653260111808777e-05, "14": -0.0041142781265079975, "15": 0.0019219467649236321}, "voltage": 22}