{"row": {"0": 1, "1": 2, "2": 7, "3": 3, "4": 4, "5": 5, "6": 2, "7": 3, "8": 3, "9": 4, "10": 5, "11": 6, "12": 5, "13": 8}, "col": {"0": 0, "1": 1, "2": 1, "3": 2, "4": 2, "5": 2, "6": 8, "7": 0, "8": 6, "9": 1, "10": 1, "11": 1, "12": 7, "13": 5}, "components": {"0": "v", "1": "r", "2": "r", "3": "r", "4": "r", "5": "r", "6": "r", "7": "r", "8": "r", "9": "r", "10": "d", "11": "r", "12": "r", "13": "r"}, "resistances": {"0": NaN, "1": 9300.0, "2": 1200.0, "3": 800.0, "4": 3600.0, "5": 700.0, "6": 3900.0, "7": 4200.0, "8": 3600.0, "9": 9500.0, "10": NaN, "11": 4400.0, "12": 5000.0, "13": 5000.0}, "edge_voltage": {"0": 2.0, "1": -0.5076291561126709, "2": -0.08156538009643555, "3": -0.18093955516815186, "4": 0.13950121402740479, "5": 0.08620786666870117, "6": -0.03777647018432617, "7": 1.3114312887191772, "8": -0.30985593795776367, "9": -0.3681279420852661, "10": -0.4214212894439697, "11": -0.3787127733230591, "12": -0.3398559093475342, "13": -0.048431396484375}, "edge_current": {"0": 0.0003122389316558838, "1": 5.458377563627437e-05, "2": 6.797117384849116e-05, "3": 0.00022617446666117758, "4": -3.8750313251512125e-05, "5": -0.00012315409549046308, "6": 9.686276825959794e-06, "7": -0.00031224553822539747, "8": 8.607108611613512e-05, "9": 3.8750313251512125e-05, "10": 6.486941128969193e-05, "11": 8.607108611613512e-05, "12": 6.797117384849116e-05, "13": 9.686276825959794e-06}, "voltage": -2}