{"row": {"0": 0, "1": 0, "2": 2, "3": 5, "4": 1, "5": 1, "6": 3, "7": 2, "8": 3, "9": 6, "10": 1, "11": 5, "12": 5, "13": 6, "14": 9, "15": 1, "16": 6, "17": 9, "18": 4, "19": 5}, "col": {"0": 1, "1": 4, "2": 1, "3": 1, "4": 10, "5": 11, "6": 2, "7": 7, "8": 0, "9": 3, "10": 4, "11": 0, "12": 8, "13": 1, "14": 6, "15": 7, "16": 8, "17": 1, "18": 10, "19": 11}, "components": {"0": "r", "1": "d", "2": "r", "3": "r", "4": "r", "5": "r", "6": "r", "7": "d", "8": "d", "9": "r", "10": "r", "11": "r", "12": "r", "13": "r", "14": "r", "15": "r", "16": "v", "17": "r", "18": "r", "19": "r"}, "resistances": {"0": 5500.0, "1": NaN, "2": 6200.0, "3": 8900.0, "4": 600.0, "5": 4800.0, "6": 1100.0, "7": NaN, "8": NaN, "9": 7300.0, "10": 6500.0, "11": 6300.0, "12": 9800.0, "13": 7600.0, "14": 600.0, "15": 4500.0, "16": NaN, "17": 3000.0, "18": 9100.0, "19": 3500.0}, "edge_voltage": {"0": 0.26426756381988525, "1": 0.26419466733932495, "2": -0.10907036066055298, "3": 0.802220344543457, "4": -4.470348358154297e-06, "5": -0.46393463015556335, "6": -0.01949825882911682, "7": -0.10846596956253052, "8": -0.39283618330955505, "9": -0.4018521010875702, "10": -7.289648056030273e-05, "11": 0.5379527807235718, "12": -2.6673589944839478, "13": -0.53042072057724, "14": 0.08840346336364746, "15": 0.0006043910980224609, "16": -4.000000059604645, "17": -0.44201725721359253, "18": 6.842613220214844e-05, "19": 0.3382857143878937}, "edge_current": {"0": -4.804865238838829e-05, "1": -1.6763806343078613e-08, "2": 1.7591990399523638e-05, "3": -9.013710950966924e-05, "4": 7.518139000239898e-09, "5": 9.665304969530553e-05, "6": 1.772568612068426e-05, "7": 1.3364478945732117e-07, "8": 3.732368350028992e-05, "9": 5.504822911461815e-05, "10": 1.1219375650739494e-08, "11": -8.538932161172852e-05, "12": 0.0002721794880926609, "13": 6.979219324421138e-05, "14": -0.000147339073009789, "15": -1.3430317835627648e-07, "16": -0.0002721794880926609, "17": 0.000147339073009789, "18": -7.518139000239898e-09, "19": -9.665304969530553e-05}, "voltage": 4}