{"row": {"0": 1, "1": 4, "2": 6, "3": 0, "4": 2, "5": 1, "6": 2, "7": 0, "8": 4, "9": 5, "10": 3, "11": 7}, "col": {"0": 0, "1": 0, "2": 0, "3": 7, "4": 1, "5": 5, "6": 3, "7": 3, "8": 1, "9": 0, "10": 6, "11": 5}, "components": {"0": "r", "1": "d", "2": "v", "3": "d", "4": "r", "5": "r", "6": "d", "7": "r", "8": "r", "9": "r", "10": "r", "11": "r"}, "resistances": {"0": 300.0, "1": NaN, "2": NaN, "3": NaN, "4": 4800.0, "5": 8900.0, "6": NaN, "7": 3600.0, "8": 6900.0, "9": 9800.0, "10": 200.0, "11": 5700.0}, "edge_voltage": {"0": -5.973567567707505e-06, "1": -5.54077041670098e-06, "2": -16.0, "3": 2.9000777885812568e-06, "4": -9.746741216076771e-05, "5": -2.9467460080923047e-06, "6": 15.157795461913338, "7": 15.157898902893066, "8": 4.327971510065254e-07, "9": -3.0268215596152004e-06, "10": 0.8421010971069336, "11": 1.2674377103394363e-07}, "edge_current": {"0": 1.991189080285949e-08, "1": 6.272671271290164e-11, "2": -0.004210506100207567, "3": -2.2239987629291136e-11, "4": 2.0305710890511364e-08, "5": 3.3109506802908584e-10, "6": -2.9802322387695312e-08, "7": -0.004210527520626783, "8": -6.272424940556576e-11, "9": 3.088593270028639e-10, "10": -0.004210506100207567, "11": -2.223572541371066e-11}, "voltage": 16}