{"row": {"0": 0, "1": 8, "2": 1, "3": 1, "4": 5, "5": 2, "6": 2, "7": 0, "8": 0, "9": 4, "10": 2, "11": 7, "12": 0, "13": 9, "14": 3, "15": 8, "16": 9, "17": 10}, "col": {"0": 1, "1": 0, "2": 2, "3": 4, "4": 1, "5": 3, "6": 6, "7": 3, "8": 4, "9": 10, "10": 5, "11": 5, "12": 6, "13": 6, "14": 7, "15": 4, "16": 0, "17": 1}, "components": {"0": "r", "1": "d", "2": "v", "3": "r", "4": "r", "5": "d", "6": "r", "7": "r", "8": "d", "9": "r", "10": "r", "11": "d", "12": "r", "13": "r", "14": "r", "15": "r", "16": "r", "17": "r"}, "resistances": {"0": 2200.0, "1": NaN, "2": NaN, "3": 7800.0, "4": 6000.0, "5": NaN, "6": 3200.0, "7": 10000.0, "8": NaN, "9": 7400.0, "10": 8600.0, "11": NaN, "12": 3200.0, "13": 600.0, "14": 6000.0, "15": 1100.0, "16": 5000.0, "17": 2900.0}, "edge_voltage": {"0": 9.758759498596191, "1": -0.5889872312545776, "2": -40.000000953674316, "3": -7.348633527755737, "4": 15.320953845977783, "5": 27.07937741279602, "6": 18.480758666992188, "7": -3.1618640422821045, "8": 2.410125970840454, "9": 5.279600381851196, "10": 24.679047107696533, "11": -0.5033445358276367, "12": -11.760482788085938, "13": -1.2600517272949219, "14": -1.8969857692718506, "15": 1.8211387395858765, "16": 10.500431060791016, "17": 2.069033145904541}, "edge_current": {"0": -0.004435799550265074, "1": 0.0016555823385715485, "2": -0.00864494126290083, "3": 0.0009421324939467013, "4": -0.0025534923188388348, "5": -2.9802322387695312e-08, "6": -0.005775236990302801, "7": 0.0003161864005960524, "8": -7.450580596923828e-09, "9": -0.0007134595653042197, "10": -0.002869656542316079, "11": 0.0003162100911140442, "12": 0.0036751506850123405, "13": 0.002100086072459817, "14": 0.0003161642816849053, "15": -0.001655580592341721, "16": -0.002100086072459817, "17": -0.0007134595653042197}, "voltage": 40}