{"row": {"0": 1, "1": 4, "2": 0, "3": 0, "4": 2, "5": 5, "6": 3, "7": 0, "8": 4, "9": 0, "10": 6, "11": 7}, "col": {"0": 0, "1": 0, "2": 6, "3": 7, "4": 1, "5": 1, "6": 2, "7": 3, "8": 1, "9": 5, "10": 3, "11": 5}, "components": {"0": "r", "1": "r", "2": "r", "3": "d", "4": "r", "5": "r", "6": "d", "7": "r", "8": "v", "9": "r", "10": "d", "11": "d"}, "resistances": {"0": 5800.0, "1": 7100.0, "2": 7600.0, "3": NaN, "4": 10000.0, "5": 200.0, "6": NaN, "7": 9200.0, "8": NaN, "9": 3200.0, "10": NaN, "11": NaN}, "edge_voltage": {"0": 1.269623041152954, "1": -8.730377197265625, "2": -0.0612262524664402, "3": -0.5386191010475159, "4": -0.48805904388427734, "5": -0.19238483905792236, "6": -0.4067061245441437, "7": -0.3748578727245331, "8": -10.000000238418579, "9": -1.0772382020950317, "10": -0.3136316202580929, "11": -0.5386191010475159}, "edge_current": {"0": -0.00021890051721129566, "1": 0.0012296305503696203, "2": 8.056085789576173e-06, "3": 0.0006252788007259369, "4": 4.880590131506324e-05, "5": 0.0009619241463951766, "6": 4.8803165555000305e-05, "7": 4.07454208470881e-05, "8": -0.0012296305503696203, "9": 0.00033663693466223776, "10": 8.054077625274658e-06, "11": 0.0006252862513065338}, "voltage": 10}