{"row": {"0": 0, "1": 4, "2": 2, "3": 1, "4": 3, "5": 3, "6": 3, "7": 8, "8": 3, "9": 3, "10": 2, "11": 4, "12": 2, "13": 6, "14": 7, "15": 8, "16": 7, "17": 10}, "col": {"0": 1, "1": 0, "2": 1, "3": 6, "4": 2, "5": 0, "6": 5, "7": 3, "8": 9, "9": 10, "10": 4, "11": 7, "12": 5, "13": 2, "14": 3, "15": 1, "16": 9, "17": 7}, "components": {"0": "d", "1": "r", "2": "r", "3": "r", "4": "r", "5": "r", "6": "r", "7": "r", "8": "v", "9": "d", "10": "r", "11": "r", "12": "r", "13": "r", "14": "r", "15": "r", "16": "r", "17": "r"}, "resistances": {"0": NaN, "1": 1400.0, "2": 900.0, "3": 900.0, "4": 2000.0, "5": 8200.0, "6": 8400.0, "7": 6300.0, "8": NaN, "9": NaN, "10": 7500.0, "11": 4400.0, "12": 9300.0, "13": 1500.0, "14": 2500.0, "15": 5700.0, "16": 9800.0, "17": 400.0}, "edge_voltage": {"0": 0.7140013575553894, "1": 0.15069381892681122, "2": 0.008925259113311768, "3": -0.0033469796180725098, "4": -0.18053430318832397, "5": -0.8856104016304016, "6": -0.08567732572555542, "7": 0.09009474515914917, "8": -46.0000017285347, "9": -0.6271458864212036, "10": -0.8557699173688889, "11": -0.9756608754396439, "12": 0.09485697746276855, "13": -0.005578279495239258, "14": 2.0119650959968567, "15": -0.08151429891586304, "16": -43.98803663253784, "17": -1.384819209575653}, "edge_current": {"0": -1.9073486328125e-06, "1": -0.00010763844329630956, "2": -9.916968338075094e-06, "3": 3.7188631267781602e-06, "4": 9.026714542414993e-05, "5": 0.00010800126619869843, "6": 1.0199677490163594e-05, "7": -1.4300751900009345e-05, "8": -0.004488574806600809, "9": 0.0034618377685546875, "10": 0.000114102651423309, "11": 0.00022174109471961856, "12": -1.0199677490163594e-05, "13": 3.7188631267781602e-06, "14": -0.0008047859882935882, "15": 1.4300751900009345e-05, "16": 0.004488574806600809, "17": 0.003462048014625907}, "voltage": 46}