{"row": {"0": 1, "1": 2, "2": 7, "3": 3, "4": 4, "5": 5, "6": 2, "7": 3, "8": 3, "9": 4, "10": 5, "11": 6, "12": 5, "13": 8}, "col": {"0": 0, "1": 1, "2": 1, "3": 2, "4": 2, "5": 2, "6": 8, "7": 0, "8": 6, "9": 1, "10": 1, "11": 1, "12": 7, "13": 5}, "components": {"0": "v", "1": "r", "2": "r", "3": "r", "4": "r", "5": "r", "6": "r", "7": "r", "8": "r", "9": "r", "10": "d", "11": "r", "12": "r", "13": "r"}, "resistances": {"0": NaN, "1": 9300.0, "2": 1200.0, "3": 800.0, "4": 3600.0, "5": 700.0, "6": 3900.0, "7": 4200.0, "8": 3600.0, "9": 9500.0, "10": NaN, "11": 4400.0, "12": 5000.0, "13": 5000.0}, "edge_voltage": {"0": -34.0, "1": 10.26289176940918, "2": 1.7981491088867188, "3": 2.708353042602539, "4": -2.8203372955322266, "5": -0.9724483489990234, "6": 0.4261283874511719, "7": -21.02875518798828, "8": 5.837060928344727, "9": 7.442554473876953, "10": 9.290443420410156, "11": 7.134183883666992, "12": 7.4922943115234375, "13": 0.5463199615478516}, "edge_current": {"0": -0.0050048828125, "1": -0.0011035368079319596, "2": -0.0014984584413468838, "3": -0.0033854409120976925, "4": 0.000783426861744374, "5": 0.0013892133720219135, "6": -0.0001092639722628519, "7": 0.005006846506148577, "8": -0.0016214055940508842, "9": -0.000783426861744374, "10": 0.0, "11": -0.0016214055940508842, "12": -0.0014984584413468838, "13": -0.0001092639722628519}, "voltage": 34}