{"row": {"0": 1, "1": 1, "2": 3, "3": 2, "4": 6, "5": 7, "6": 3, "7": 5, "8": 3, "9": 0, "10": 8, "11": 2, "12": 4, "13": 6, "14": 5, "15": 8, "16": 9, "17": 4}, "col": {"0": 0, "1": 2, "2": 2, "3": 4, "4": 2, "5": 2, "6": 0, "7": 3, "8": 10, "9": 4, "10": 4, "11": 5, "12": 6, "13": 9, "14": 7, "15": 3, "16": 2, "17": 10}, "components": {"0": "r", "1": "r", "2": "r", "3": "v", "4": "r", "5": "r", "6": "r", "7": "r", "8": "d", "9": "r", "10": "r", "11": "r", "12": "r", "13": "r", "14": "d", "15": "r", "16": "d", "17": "r"}, "resistances": {"0": 2700.0, "1": 6600.0, "2": 5200.0, "3": NaN, "4": 4300.0, "5": 1400.0, "6": 3300.0, "7": 9200.0, "8": NaN, "9": 4000.0, "10": 2900.0, "11": 7100.0, "12": 1100.0, "13": 9800.0, "14": NaN, "15": 5800.0, "16": NaN, "17": 3200.0}, "edge_voltage": {"0": -1.3404573202133179, "1": 3.276673436164856, "2": 4.289689123630524, "3": -7.0, "4": 5.574057698249817, "5": 3.528594970703125e-05, "6": -0.32744163274765015, "7": -2.4212363362312317, "8": -0.542756661772728, "9": -2.382869243621826, "10": -0.9034368991851807, "11": -1.868452787399292, "12": 1.425942301750183, "13": 0.0001842975616455078, "14": 1.868417501449585, "15": 1.8068739771842957, "16": 5.573873400688171, "17": 2.1675542145967484}, "edge_current": {"0": 0.0004964656545780599, "1": -0.0004964656545780599, "2": -0.0008249402162618935, "3": -0.0028809192590415478, "4": -0.0012962924083694816, "5": -2.515554342608084e-08, "6": 9.922473691403866e-05, "7": 0.0002631778479553759, "8": 0.0006773583590984344, "9": 0.0005957173416391015, "10": 0.0003115299914497882, "11": 0.00026316236471757293, "12": -0.0012963112676516175, "13": -1.8805573986924173e-08, "14": -1.862645149230957e-08, "15": -0.0003115299914497882, "16": -1.4901161193847656e-08, "17": -0.0006773607456125319}, "voltage": 7}