{"row": {"0": 1, "1": 4, "2": 6, "3": 1, "4": 2, "5": 7, "6": 2, "7": 0, "8": 3, "9": 3, "10": 1, "11": 5, "12": 5, "13": 6, "14": 10, "15": 7, "16": 8, "17": 9, "18": 10, "19": 4}, "col": {"0": 0, "1": 0, "2": 0, "3": 2, "4": 3, "5": 2, "6": 11, "7": 3, "8": 5, "9": 8, "10": 4, "11": 0, "12": 9, "13": 4, "14": 6, "15": 5, "16": 0, "17": 0, "18": 3, "19": 11}, "components": {"0": "r", "1": "r", "2": "r", "3": "r", "4": "r", "5": "v", "6": "r", "7": "r", "8": "d", "9": "r", "10": "r", "11": "r", "12": "r", "13": "r", "14": "r", "15": "d", "16": "r", "17": "r", "18": "r", "19": "d"}, "resistances": {"0": 5600.0, "1": 3400.0, "2": 3100.0, "3": 7100.0, "4": 3600.0, "5": NaN, "6": 7000.0, "7": 5400.0, "8": NaN, "9": 700.0, "10": 4600.0, "11": 3900.0, "12": 5700.0, "13": 500.0, "14": 2000.0, "15": NaN, "16": 4900.0, "17": 9400.0, "18": 3400.0, "19": NaN}, "edge_voltage": {"0": -2.781441253318917e-05, "1": -1.451538901164895e-05, "2": -1.4520621334668249e-05, "3": 5.5791455451981165e-05, "4": -4.373474803287536e-05, "5": 2.9999999209467205, "6": -9.575254807714373e-06, "7": 3.9871119952294976e-05, "8": -8.338102998095565e-05, "9": -4.98388908454217e-06, "10": -1.329902352154022e-05, "11": 4.350991002866067e-05, "12": 1.642427196202334e-05, "13": -5.232323019299656e-09, "14": -9.38907396630384e-06, "15": 2.9998728051687067, "16": -3.4887230867752805e-05, "17": 2.708563806663733e-05, "18": 1.5961424651322886e-05, "19": 5.951522416580701e-05}, "edge_current": {"0": 4.966859368238374e-09, "1": 4.2692320789683436e-09, "2": 4.684071353011632e-09, "3": -7.857951622725068e-09, "4": 1.214854172815194e-08, "5": 1.4901161193847656e-08, "6": 1.3678931320981746e-09, "7": -7.383540889804863e-09, "8": -7.048583938740194e-09, "9": 7.119842937441945e-09, "10": 2.8910922544866935e-09, "11": -1.115638692539278e-08, "12": -2.8814508556962437e-09, "13": 1.0465354277622296e-11, "14": 4.694536759330958e-09, "15": -1.4901161193847656e-08, "16": 7.119842937441945e-09, "17": -2.8814508556962437e-09, "18": -4.694536759330958e-09, "19": -1.367880031466484e-09}, "voltage": -3}