{"row": {"0": 1, "1": 4, "2": 1, "3": 6, "4": 3, "5": 3, "6": 3, "7": 3, "8": 9, "9": 3, "10": 2, "11": 7, "12": 5, "13": 2, "14": 3, "15": 8, "16": 9, "17": 7}, "col": {"0": 0, "1": 0, "2": 2, "3": 1, "4": 2, "5": 0, "6": 5, "7": 8, "8": 3, "9": 10, "10": 4, "11": 4, "12": 2, "13": 6, "14": 7, "15": 1, "16": 7, "17": 10}, "components": {"0": "r", "1": "d", "2": "r", "3": "r", "4": "r", "5": "v", "6": "d", "7": "r", "8": "r", "9": "r", "10": "r", "11": "r", "12": "r", "13": "r", "14": "r", "15": "r", "16": "r", "17": "r"}, "resistances": {"0": 8100.0, "1": NaN, "2": 2900.0, "3": 4500.0, "4": 9600.0, "5": NaN, "6": NaN, "7": 3000.0, "8": 7200.0, "9": 8500.0, "10": 8100.0, "11": 9500.0, "12": 4200.0, "13": 6900.0, "14": 9300.0, "15": 2400.0, "16": 4700.0, "17": 2400.0}, "edge_voltage": {"0": -19.64595603942871, "1": -0.6434446573257446, "2": 1.1744651794433594, "3": -0.4636058807373047, "4": -9.17957878112793, "5": -30.0, "6": -0.5998592376708984, "7": -5.752246856689453, "8": 4.811731338500977, "9": -6.201663970947266, "10": -20.176976561546326, "11": -21.40383279323578, "12": -8.579719543457031, "13": -0.7108592987060547, "14": -7.952722549438477, "15": -4.601797103881836, "16": -3.1409912109375, "17": 1.751058578491211}, "edge_current": {"0": 0.0024254268500953913, "1": 0.0047440193593502045, "2": -0.0004049880662932992, "3": 0.00010302328155376017, "4": 0.0009562060586176813, "5": -0.007169678341597319, "6": 0.0020429380238056183, "7": 0.0019174154149368405, "8": -0.0006682960083708167, "9": 0.0007296075928024948, "10": 0.0024909849744290113, "11": 0.002253035083413124, "12": 0.002042790176346898, "13": 0.00010302328155376017, "14": 0.0008551314822398126, "15": 0.0019174154149368405, "16": 0.0006682960083708167, "17": -0.0007296075928024948}, "voltage": 30}