{"row": {"0": 0, "1": 1, "2": 4, "3": 6, "4": 7, "5": 9, "6": 2, "7": 0, "8": 3, "9": 2, "10": 4, "11": 5, "12": 2, "13": 5, "14": 8, "15": 6}, "col": {"0": 1, "1": 2, "2": 1, "3": 1, "4": 1, "5": 1, "6": 3, "7": 3, "8": 5, "9": 4, "10": 8, "11": 1, "12": 6, "13": 7, "14": 5, "15": 9}, "components": {"0": "r", "1": "r", "2": "r", "3": "d", "4": "r", "5": "r", "6": "r", "7": "d", "8": "r", "9": "r", "10": "r", "11": "v", "12": "r", "13": "r", "14": "r", "15": "r"}, "resistances": {"0": 7000.0, "1": 300.0, "2": 9500.0, "3": NaN, "4": 10000.0, "5": 700.0, "6": 500.0, "7": NaN, "8": 8500.0, "9": 4700.0, "10": 8000.0, "11": NaN, "12": 6600.0, "13": 6000.0, "14": 8100.0, "15": 1900.0}, "edge_voltage": {"0": 0.00430046021938324, "1": -0.0798417180776596, "2": 0.3714706748723984, "3": 0.022551575675606728, "4": 1.2499999850988388, "5": 0.006071577779948711, "6": -0.10638533532619476, "7": -0.18192659318447113, "8": -1.8137729316949844, "9": -0.29162895679473877, "10": -0.8092070817947388, "11": 1.9999999850988388, "12": 0.05729014240205288, "13": 0.75, "14": -0.8193222284317017, "15": 0.016479997895658016}, "edge_current": {"0": -6.143515065559768e-07, "1": 0.0002661390753928572, "2": -3.910217492375523e-05, "3": -6.6356733441352844e-09, "4": -0.0001250000059371814, "5": -8.673682714288589e-06, "6": 0.00021277068299241364, "7": 6.137415766716003e-07, "8": 0.00021338505030144006, "9": 6.204871169757098e-05, "10": 0.00010115088662132621, "11": 0.0004395359428599477, "12": -8.680324754095636e-06, "13": -0.0001250000059371814, "14": 0.00010115088662132621, "15": -8.673682714288589e-06}, "voltage": -2}