{"row": {"0": 0, "1": 4, "2": 0, "3": 2, "4": 5, "5": 1, "6": 2, "7": 0, "8": 4, "9": 5, "10": 6, "11": 3}, "col": {"0": 1, "1": 0, "2": 7, "3": 1, "4": 1, "5": 6, "6": 3, "7": 3, "8": 1, "9": 2, "10": 3, "11": 7}, "components": {"0": "d", "1": "d", "2": "r", "3": "d", "4": "r", "5": "r", "6": "r", "7": "v", "8": "r", "9": "r", "10": "d", "11": "r"}, "resistances": {"0": NaN, "1": NaN, "2": 3500.0, "3": NaN, "4": 8700.0, "5": 2000.0, "6": 5400.0, "7": NaN, "8": 3000.0, "9": 4500.0, "10": NaN, "11": 4600.0}, "edge_voltage": {"0": 3.016021966934204, "1": -0.5527118444442749, "2": 3.4567902088165283, "3": -0.5500197410583496, "4": -0.36251306533813477, "5": 3.7670135498046875e-05, "6": 4.433958292007446, "7": 8.0, "8": 2.463310122489929, "9": 0.18750667572021484, "10": 4.983940362930298, "11": -4.543209791183472}, "edge_current": {"0": -1.4901161193847656e-08, "1": 0.0008211024105548859, "2": -0.0009876543190330267, "3": 0.0007794350385665894, "4": 4.1668154153740034e-05, "5": -1.8804984236453492e-08, "6": -0.0008211034000851214, "7": 0.001808759174309671, "8": -0.0008211034000851214, "9": -4.1668154153740034e-05, "10": 0.0, "11": 0.0009876543190330267}, "voltage": -8}