{"row": {"0": 1, "1": 0, "2": 0, "3": 2, "4": 1, "5": 3, "6": 3, "7": 6, "8": 3, "9": 2, "10": 2, "11": 4, "12": 4, "13": 2}, "col": {"0": 0, "1": 4, "2": 8, "3": 1, "4": 5, "5": 2, "6": 0, "7": 3, "8": 7, "9": 4, "10": 5, "11": 6, "12": 7, "13": 8}, "components": {"0": "r", "1": "r", "2": "r", "3": "r", "4": "r", "5": "d", "6": "r", "7": "r", "8": "r", "9": "r", "10": "r", "11": "v", "12": "d", "13": "r"}, "resistances": {"0": 5600.0, "1": 2800.0, "2": 6100.0, "3": 4000.0, "4": 5600.0, "5": NaN, "6": 7600.0, "7": 5900.0, "8": 9600.0, "9": 2100.0, "10": 1300.0, "11": NaN, "12": NaN, "13": 8800.0}, "edge_voltage": {"0": -2.0187809467315674, "1": 4.101821422576904, "2": 1.2001843452453613, "3": -0.9128170013427734, "4": 0.7408368587493896, "5": 18.300098657608032, "6": 15.368500709533691, "7": 23.529677391052246, "8": 18.872464656829834, "9": 1.1702234745025635, "10": -0.1719801425933838, "11": -42.99999952316284, "12": -0.5978574752807617, "13": -1.7314136028289795}, "edge_current": {"0": 0.0003604965750128031, "1": -0.001464942004531622, "2": -0.00019675154180731624, "3": 0.00022820425510872155, "4": -0.00013229231990408152, "5": -2.9802322387695312e-08, "6": -0.0020221711602061987, "7": -0.003988081123679876, "8": -0.00196588016115129, "9": -0.0005572492373175919, "10": 0.00013229231990408152, "11": -0.003988027572631836, "12": 0.0019658952951431274, "13": 0.00019675154180731624}, "voltage": 43}