{"row": {"0": 1, "1": 2, "2": 3, "3": 4, "4": 6, "5": 2, "6": 3, "7": 5, "8": 10, "9": 4, "10": 8, "11": 2, "12": 4, "13": 9, "14": 5, "15": 8, "16": 9, "17": 4}, "col": {"0": 0, "1": 1, "2": 2, "3": 2, "4": 2, "5": 7, "6": 0, "7": 3, "8": 3, "9": 0, "10": 4, "11": 5, "12": 6, "13": 6, "14": 7, "15": 3, "16": 2, "17": 10}, "components": {"0": "r", "1": "d", "2": "r", "3": "r", "4": "d", "5": "r", "6": "v", "7": "d", "8": "r", "9": "r", "10": "r", "11": "r", "12": "r", "13": "r", "14": "d", "15": "r", "16": "r", "17": "r"}, "resistances": {"0": 5400.0, "1": NaN, "2": 1300.0, "3": 8900.0, "4": NaN, "5": 8600.0, "6": NaN, "7": NaN, "8": 2700.0, "9": 2600.0, "10": 2800.0, "11": 7500.0, "12": 9700.0, "13": 6700.0, "14": NaN, "15": 6000.0, "16": 7700.0, "17": 4300.0}, "edge_voltage": {"0": -30.589826583862305, "1": -0.6526203155517578, "2": -9.757553100585938, "3": 11.967308044433594, "4": 7.150407791137695, "5": -0.000164031982421875, "6": -41.0, "7": 9.757575988769531, "8": 8.379589080810547, "9": -19.27513885498047, "10": -6.912456512451172, "11": -2.288818359375e-05, "12": 4.816900253295898, "13": -3.326925277709961, "14": -0.000141143798828125, "15": 14.81240463256836, "16": 3.8234825134277344, "17": 13.345272064208984}, "edge_current": {"0": 0.005664782598614693, "1": 0.005664803087711334, "2": 0.007505809888243675, "3": -0.001344641437754035, "4": 0.0, "5": 1.9051373811862504e-08, "6": -0.01307804323732853, "7": 8.940696716308594e-08, "8": -0.0031035516876727343, "9": 0.007413514889776707, "10": 0.0024687342811375856, "11": 3.145384397384987e-09, "12": -0.0004965876578353345, "13": 0.0004965561674907804, "14": -4.936055120197125e-08, "15": -0.0024687342811375856, "16": -0.0004965561674907804, "17": -0.0031035516876727343}, "voltage": 41}