{"row": {"0": 0, "1": 4, "2": 2, "3": 1, "4": 3, "5": 3, "6": 3, "7": 8, "8": 3, "9": 3, "10": 2, "11": 4, "12": 2, "13": 6, "14": 7, "15": 8, "16": 7, "17": 10}, "col": {"0": 1, "1": 0, "2": 1, "3": 6, "4": 2, "5": 0, "6": 5, "7": 3, "8": 9, "9": 10, "10": 4, "11": 7, "12": 5, "13": 2, "14": 3, "15": 1, "16": 9, "17": 7}, "components": {"0": "d", "1": "r", "2": "r", "3": "r", "4": "r", "5": "r", "6": "r", "7": "r", "8": "v", "9": "d", "10": "r", "11": "r", "12": "r", "13": "r", "14": "r", "15": "r", "16": "r", "17": "r"}, "resistances": {"0": NaN, "1": 1400.0, "2": 900.0, "3": 900.0, "4": 2000.0, "5": 8200.0, "6": 8400.0, "7": 6300.0, "8": NaN, "9": NaN, "10": 7500.0, "11": 4400.0, "12": 9300.0, "13": 1500.0, "14": 2500.0, "15": 5700.0, "16": 9800.0, "17": 400.0}, "edge_voltage": {"0": 0.1501900553703308, "1": 0.0317886546254158, "2": 0.001944214105606079, "3": -0.0007290840148925781, "4": -0.037797629833221436, "5": -0.18604347109794617, "6": -0.01793786883354187, "7": 0.018823042511940002, "8": -2.9999999701976776, "9": -0.4046124070882797, "10": -0.18003449589014053, "11": -0.2055274322628975, "12": 0.019859760999679565, "13": -0.001215130090713501, "14": 0.42335955798625946, "15": -0.017030373215675354, "16": -2.576640412211418, "17": -0.018747150897979736}, "edge_current": {"0": -1.6763806343078613e-08, "1": -2.2706180970999412e-05, "2": -2.160238409487647e-06, "3": 8.100894319795771e-07, "4": 1.88988124136813e-05, "5": 2.2688227545586415e-05, "6": 2.135458998964168e-06, "7": -2.9877842280257028e-06, "8": -0.00026292249094694853, "9": 4.6868808567523956e-05, "10": 2.400459925411269e-05, "11": 4.6710782044101506e-05, "12": -2.135458998964168e-06, "13": 8.100894319795771e-07, "14": -0.00016934382438194007, "15": 2.9877842280257028e-06, "16": 0.00026292249094694853, "17": 4.686789179686457e-05}, "voltage": 3}