{"row": {"0": 0, "1": 6, "2": 0, "3": 2, "4": 5, "5": 3, "6": 2, "7": 8, "8": 0, "9": 7, "10": 1, "11": 0, "12": 6, "13": 7, "14": 8, "15": 9}, "col": {"0": 1, "1": 0, "2": 9, "3": 1, "4": 1, "5": 2, "6": 4, "7": 2, "8": 3, "9": 3, "10": 4, "11": 5, "12": 2, "13": 5, "14": 3, "15": 3}, "components": {"0": "r", "1": "r", "2": "r", "3": "r", "4": "r", "5": "v", "6": "r", "7": "r", "8": "r", "9": "r", "10": "d", "11": "r", "12": "r", "13": "r", "14": "r", "15": "r"}, "resistances": {"0": 1100.0, "1": 7100.0, "2": 1200.0, "3": 4900.0, "4": 6900.0, "5": NaN, "6": 5200.0, "7": 10000.0, "8": 2300.0, "9": 9400.0, "10": NaN, "11": 3100.0, "12": 8200.0, "13": 3000.0, "14": 1100.0, "15": 7400.0}, "edge_voltage": {"0": -3.0777673721313477, "1": 5.386776924133301, "2": 0.8918895721435547, "3": 8.515847206115723, "4": -3.2044117748737335, "5": -18.0, "6": 7.931026935577393, "7": -16.201705932617188, "8": 6.40638542175293, "9": 4.7639594078063965, "10": -0.5848202705383301, "11": 0.12664440274238586, "12": -6.2068376541137695, "13": -1.5157816112041473, "14": 1.7982940673828125, "15": 5.514495849609375}, "edge_current": {"0": 0.002797970548272133, "1": -0.000758700945880264, "2": -0.0007432412821799517, "3": -0.0017408891580998898, "4": 0.0004644075233954936, "5": -0.0056491997092962265, "6": -0.0015279878862202168, "7": 0.001621621660888195, "8": -0.0027790763415396214, "9": -0.0005052605411037803, "10": 0.00152587890625, "11": -4.085303226020187e-05, "12": 0.000758700945880264, "13": 0.0005052605411037803, "14": -0.001621621660888195, "15": -0.0007432412821799517}, "voltage": 18}