{"row": {"0": 0, "1": 0, "2": 2, "3": 4, "4": 2, "5": 8, "6": 3, "7": 3, "8": 10, "9": 0, "10": 4, "11": 2, "12": 9, "13": 1, "14": 1, "15": 8, "16": 9, "17": 10}, "col": {"0": 1, "1": 5, "2": 1, "3": 1, "4": 3, "5": 2, "6": 0, "7": 7, "8": 3, "9": 4, "10": 6, "11": 5, "12": 5, "13": 6, "14": 7, "15": 6, "16": 1, "17": 1}, "components": {"0": "r", "1": "r", "2": "r", "3": "r", "4": "r", "5": "r", "6": "d", "7": "v", "8": "r", "9": "r", "10": "r", "11": "r", "12": "r", "13": "r", "14": "r", "15": "r", "16": "d", "17": "r"}, "resistances": {"0": 9800.0, "1": 900.0, "2": 8200.0, "3": 7400.0, "4": 3400.0, "5": 5200.0, "6": NaN, "7": NaN, "8": 8900.0, "9": 6400.0, "10": 1700.0, "11": 500.0, "12": 7500.0, "13": 5600.0, "14": 7700.0, "15": 2500.0, "16": NaN, "17": 9300.0}, "edge_voltage": {"0": 0.2840538024902344, "1": -0.044789209961891174, "2": 0.3537353426218033, "3": 0.15093451738357544, "4": -0.405789777636528, "5": -0.1374194473028183, "6": 0.4754713177680969, "7": 1.9999999403953552, "8": -0.3714161217212677, "9": 0.13311928510665894, "10": 0.0006856620311737061, "11": 0.024892330169677734, "12": -0.00014159083366394043, "13": -0.15024885535240173, "14": 1.240474820137024, "15": 0.06606703996658325, "16": 0.3287014216184616, "17": 0.3881089985370636}, "edge_current": {"0": -2.8985079552512616e-05, "1": 4.9765785661293194e-05, "2": -4.313845420256257e-05, "3": -2.039655373664573e-05, "4": 0.00011934993381146342, "5": 2.6426816475577652e-05, "6": -2.0489096641540527e-08, "7": 0.0001611020416021347, "8": 4.1732149838935584e-05, "9": -2.079988735204097e-05, "10": -4.033330469610519e-07, "11": -4.978466313332319e-05, "12": 1.8878786534060055e-08, "13": 2.6830150090972893e-05, "14": -0.00016110064461827278, "15": -2.6426816475577652e-05, "16": -1.862645149230957e-08, "17": -4.1732149838935584e-05}, "voltage": -2}