{"row": {"0": 1, "1": 0, "2": 8, "3": 1, "4": 5, "5": 3, "6": 0, "7": 3, "8": 7, "9": 4, "10": 2, "11": 4, "12": 4, "13": 8}, "col": {"0": 0, "1": 4, "2": 0, "3": 2, "4": 1, "5": 2, "6": 3, "7": 6, "8": 3, "9": 2, "10": 5, "11": 6, "12": 7, "13": 2}, "components": {"0": "r", "1": "d", "2": "r", "3": "r", "4": "r", "5": "r", "6": "r", "7": "d", "8": "r", "9": "r", "10": "v", "11": "d", "12": "r", "13": "r"}, "resistances": {"0": 7700.0, "1": NaN, "2": 6900.0, "3": 5700.0, "4": 8300.0, "5": 1500.0, "6": 900.0, "7": NaN, "8": 3900.0, "9": 2200.0, "10": NaN, "11": NaN, "12": 7400.0, "13": 6900.0}, "edge_voltage": {"0": 5.540659427642822, "1": 1.2558313608169556, "2": -0.6960033774375916, "3": 6.932666182518005, "4": 16.06733465194702, "5": 0.8351972103118896, "6": 0.5568095445632935, "7": 0.6631559133529663, "8": -0.24125534296035767, "9": 0.13617539405822754, "10": -23.000000834465027, "11": -0.0358659029006958, "12": -0.45776647329330444, "13": 0.6960033774375916}, "edge_current": {"0": -0.0007195661310106516, "1": -1.4901161193847656e-08, "2": 0.00010087005648529157, "3": -0.0012162572238594294, "4": -0.001935823354870081, "5": -0.0005567981279455125, "6": -0.0006186772952787578, "7": -1.862645149230957e-08, "8": 6.186033715493977e-05, "9": -6.189793202793226e-05, "10": -0.001935823354870081, "11": 1.4202669262886047e-08, "12": 6.186033715493977e-05, "13": -0.00010087005648529157}, "voltage": 23}