{"row": {"0": 0, "1": 8, "2": 1, "3": 1, "4": 1, "5": 2, "6": 6, "7": 0, "8": 0, "9": 10, "10": 5, "11": 5, "12": 6, "13": 9, "14": 3, "15": 4, "16": 9, "17": 1}, "col": {"0": 1, "1": 0, "2": 2, "3": 4, "4": 5, "5": 3, "6": 2, "7": 3, "8": 4, "9": 4, "10": 2, "11": 7, "12": 0, "13": 6, "14": 7, "15": 8, "16": 0, "17": 10}, "components": {"0": "r", "1": "v", "2": "r", "3": "r", "4": "r", "5": "d", "6": "r", "7": "r", "8": "r", "9": "r", "10": "r", "11": "r", "12": "r", "13": "r", "14": "r", "15": "r", "16": "r", "17": "r"}, "resistances": {"0": 700.0, "1": NaN, "2": 3200.0, "3": 9400.0, "4": 9300.0, "5": NaN, "6": 7200.0, "7": 5900.0, "8": 6300.0, "9": 8600.0, "10": 7400.0, "11": 8500.0, "12": 1700.0, "13": 4700.0, "14": 6200.0, "15": 5600.0, "16": 9800.0, "17": 4600.0}, "edge_voltage": {"0": -0.3009786903858185, "1": 8.0, "2": 0.08268003165721893, "3": -2.554761618375778, "4": 0.08852337300777435, "5": 0.1573750637471676, "6": -0.18021342903375626, "7": -0.06092359498143196, "8": -2.8557403087615967, "9": -1.6644659042358398, "10": -0.00584334135055542, "11": 0.08762038499116898, "12": 0.03808522969484329, "13": -0.01234486885368824, "14": -0.06391133740544319, "15": -5.144259691238403, "16": 0.025740360841155052, "17": -0.8902957141399384}, "edge_current": {"0": 0.00042996954289264977, "1": 0.0009186178212985396, "2": -2.583750756457448e-05, "3": 0.0002717831521295011, "4": -9.518640581518412e-06, "5": -1.7695128917694092e-08, "6": 2.5029643438756466e-05, "7": 1.0326032679586206e-05, "8": 0.0004532921011559665, "9": 0.00019354253890924156, "10": 7.896398983575637e-07, "11": -1.0308281161997002e-05, "12": -2.2403075490728952e-05, "13": 2.626567493280163e-06, "14": 1.0308281161997002e-05, "15": 0.0009186178212985396, "16": -2.626567493280163e-06, "17": 0.00019354253890924156}, "voltage": -8}