{"row": {"0": 0, "1": 5, "2": 1, "3": 4, "4": 2, "5": 6, "6": 8, "7": 0, "8": 3, "9": 4, "10": 5, "11": 1, "12": 7, "13": 4}, "col": {"0": 1, "1": 0, "2": 2, "3": 1, "4": 3, "5": 2, "6": 2, "7": 3, "8": 7, "9": 2, "10": 3, "11": 6, "12": 1, "13": 8}, "components": {"0": "r", "1": "r", "2": "r", "3": "r", "4": "r", "5": "r", "6": "v", "7": "r", "8": "r", "9": "d", "10": "r", "11": "r", "12": "r", "13": "r"}, "resistances": {"0": 5000.0, "1": 4300.0, "2": 7400.0, "3": 8400.0, "4": 3300.0, "5": 7700.0, "6": NaN, "7": 9600.0, "8": 1000.0, "9": NaN, "10": 2300.0, "11": 3900.0, "12": 9100.0, "13": 700.0}, "edge_voltage": {"0": 0.06585071980953217, "1": 0.028100773692131042, "2": -0.19085071980953217, "3": -0.537763312458992, "4": 0.08186858147382736, "5": -0.13000322133302689, "6": -15.0, "7": -0.04313141852617264, "8": 0.010790310800075531, "9": -0.7286140322685242, "10": -0.015030644834041595, "11": -0.06084749847650528, "12": 0.09819182753562927, "13": 14.271385967731476}, "edge_current": {"0": -1.3170143574825488e-05, "1": -6.5350632212357596e-06, "2": 2.4457065592287108e-05, "3": 6.401944119716063e-05, "4": -2.181823037972208e-05, "5": 1.5601921404595487e-05, "6": -0.020401792600750923, "7": 4.492856078286422e-06, "8": -1.0790310625452548e-05, "9": 0.02033233642578125, "10": 6.5350632212357596e-06, "11": 1.5601921404595487e-05, "12": -1.0790310625452548e-05, "13": -0.020401792600750923}, "voltage": 15}