{"row": {"0": 0, "1": 8, "2": 1, "3": 1, "4": 5, "5": 2, "6": 2, "7": 0, "8": 0, "9": 4, "10": 2, "11": 7, "12": 0, "13": 9, "14": 3, "15": 8, "16": 9, "17": 10}, "col": {"0": 1, "1": 0, "2": 2, "3": 4, "4": 1, "5": 3, "6": 6, "7": 3, "8": 4, "9": 10, "10": 5, "11": 5, "12": 6, "13": 6, "14": 7, "15": 4, "16": 0, "17": 1}, "components": {"0": "r", "1": "d", "2": "v", "3": "r", "4": "r", "5": "d", "6": "r", "7": "r", "8": "d", "9": "r", "10": "r", "11": "d", "12": "r", "13": "r", "14": "r", "15": "r", "16": "r", "17": "r"}, "resistances": {"0": 2200.0, "1": NaN, "2": NaN, "3": 7800.0, "4": 6000.0, "5": NaN, "6": 3200.0, "7": 10000.0, "8": NaN, "9": 7400.0, "10": 8600.0, "11": NaN, "12": 3200.0, "13": 600.0, "14": 6000.0, "15": 1100.0, "16": 5000.0, "17": 2900.0}, "edge_voltage": {"0": 6.613938808441162, "1": -0.5674463510513306, "2": -26.999999523162842, "3": -4.845659494400024, "4": 10.372019052505493, "5": 18.33774971961975, "6": 12.458148002624512, "7": -2.0483109951019287, "8": 1.7682793140411377, "9": 3.4813477993011475, "10": 16.62798047065735, "11": -0.48088622093200684, "12": -7.927912712097168, "13": -0.849419116973877, "14": -1.2288830280303955, "15": 1.2008329629898071, "16": 7.078493595123291, "17": 1.364311695098877}, "edge_current": {"0": -0.003006335813552141, "1": 0.0010916665196418762, "2": -0.005826754029840231, "3": 0.0006212383741512895, "4": -0.0017286698566749692, "5": 0.0, "6": -0.003893171437084675, "7": 0.00020483109983615577, "8": -4.470348358154297e-08, "9": -0.00047045235987752676, "10": -0.0019334862008690834, "11": 0.00020481646060943604, "12": 0.002477472648024559, "13": 0.001415698672644794, "14": 0.0002048138267127797, "15": -0.0010916664032265544, "16": -0.001415698672644794, "17": -0.00047045235987752676}, "voltage": 27}