{"row": {"0": 0, "1": 2, "2": 4, "3": 5, "4": 2, "5": 0, "6": 2, "7": 4, "8": 5, "9": 7, "10": 6, "11": 7}, "col": {"0": 1, "1": 1, "2": 1, "3": 1, "4": 3, "5": 3, "6": 4, "7": 6, "8": 3, "9": 5, "10": 0, "11": 2}, "components": {"0": "r", "1": "r", "2": "r", "3": "r", "4": "v", "5": "d", "6": "r", "7": "d", "8": "r", "9": "r", "10": "r", "11": "r"}, "resistances": {"0": 1000.0, "1": 4800.0, "2": 8200.0, "3": 4400.0, "4": NaN, "5": NaN, "6": 1000.0, "7": NaN, "8": 8300.0, "9": 2400.0, "10": 3800.0, "11": 2900.0}, "edge_voltage": {"0": 0.3695814609527588, "1": -1.0979197025299072, "2": -0.8128573894500732, "3": -0.18356460332870483, "4": -2.0000000596046448, "5": -0.5324988961219788, "6": -0.285062313079834, "7": -0.4758839011192322, "8": -1.0856449604034424, "9": -0.41404759883880615, "10": -0.7065549492835999, "11": 0.5003075003623962}, "edge_current": {"0": -0.00036958145210519433, "1": 0.00022873326088301837, "2": 9.912895620800555e-05, "3": 4.1719227738212794e-05, "4": -0.0006863176822662354, "5": 0.0005555152893066406, "6": 0.00028506224043667316, "7": 0.00018594041466712952, "8": 0.0001308005885221064, "9": 0.00017251982353627682, "10": 0.00018593551067169756, "11": -0.00017251982353627682}, "voltage": 2}