{"row": {"0": 0, "1": 2, "2": 1, "3": 1, "4": 3, "5": 5, "6": 2, "7": 0, "8": 2, "9": 5, "10": 6, "11": 4}, "col": {"0": 1, "1": 1, "2": 4, "3": 6, "4": 2, "5": 2, "6": 7, "7": 3, "8": 4, "9": 3, "10": 4, "11": 7}, "components": {"0": "d", "1": "v", "2": "d", "3": "r", "4": "r", "5": "r", "6": "d", "7": "r", "8": "r", "9": "d", "10": "r", "11": "r"}, "resistances": {"0": NaN, "1": NaN, "2": NaN, "3": 1800.0, "4": 8200.0, "5": 4500.0, "6": NaN, "7": 1400.0, "8": 300.0, "9": NaN, "10": 8100.0, "11": 2700.0}, "edge_voltage": {"0": -0.6557999849319458, "1": -27.00000011920929, "2": 26.23928654193878, "3": 4.770779252052307, "4": 17.910791397094727, "5": 17.27828884124756, "6": -0.4509162902832031, "7": 8.433408737182617, "8": -0.7607135772705078, "9": -0.632502555847168, "10": 21.468507289886475, "11": 0.3097972869873047}, "edge_current": {"0": 0.0060237497091293335, "1": -0.008674167096614838, "2": 5.960464477539063e-08, "3": -0.002650432987138629, "4": -0.0021842429414391518, "5": -0.003839619690552354, "6": 0.00011489167809486389, "7": -0.006023862864822149, "8": 0.0025357117410749197, "9": 0.0038397684693336487, "10": -0.002650432987138629, "11": -0.00011473995982669294}, "voltage": 27}