{"row": {"0": 1, "1": 1, "2": 7, "3": 3, "4": 2, "5": 5, "6": 8, "7": 3, "8": 3, "9": 4, "10": 1, "11": 6, "12": 7, "13": 5}, "col": {"0": 0, "1": 2, "2": 1, "3": 2, "4": 4, "5": 2, "6": 2, "7": 0, "8": 6, "9": 1, "10": 5, "11": 1, "12": 5, "13": 8}, "components": {"0": "d", "1": "r", "2": "r", "3": "r", "4": "r", "5": "r", "6": "r", "7": "v", "8": "r", "9": "r", "10": "r", "11": "r", "12": "r", "13": "r"}, "resistances": {"0": NaN, "1": 4900.0, "2": 1900.0, "3": 5600.0, "4": 3900.0, "5": 100.0, "6": 6400.0, "7": NaN, "8": 5300.0, "9": 3700.0, "10": 4100.0, "11": 7000.0, "12": 300.0, "13": 1800.0}, "edge_voltage": {"0": -0.6216227412223816, "1": 2.0460816025733948, "2": -1.6530075669288635, "3": -11.332295656204224, "4": -1.0499629974365234, "5": 0.13207292556762695, "6": 0.10308122634887695, "7": -14.0, "8": -5.764666557312012, "9": -0.9961186051368713, "10": 1.9140086770057678, "11": -7.613710701465607, "12": 0.2610011100769043, "13": 0.02899169921875}, "edge_current": {"0": 0.0031112972646951675, "1": -0.0004175676731392741, "2": 0.0008700039470568299, "3": 0.0020236242562532425, "4": 0.00026922125834971666, "5": -0.0013207289157435298, "6": -1.610644903848879e-05, "7": -0.0031112972646951675, "8": 0.0010876728920266032, "9": 0.00026922125834971666, "10": -0.0004668313777074218, "11": 0.0010876728920266032, "12": -0.0008700039470568299, "13": -1.610644903848879e-05}, "voltage": 14}