{"row": {"0": 0, "1": 5, "2": 1, "3": 4, "4": 2, "5": 6, "6": 8, "7": 0, "8": 3, "9": 4, "10": 5, "11": 1, "12": 7, "13": 4}, "col": {"0": 1, "1": 0, "2": 2, "3": 1, "4": 3, "5": 2, "6": 2, "7": 3, "8": 7, "9": 2, "10": 3, "11": 6, "12": 1, "13": 8}, "components": {"0": "r", "1": "r", "2": "r", "3": "r", "4": "r", "5": "r", "6": "v", "7": "r", "8": "r", "9": "d", "10": "r", "11": "r", "12": "r", "13": "r"}, "resistances": {"0": 5000.0, "1": 4300.0, "2": 7400.0, "3": 8400.0, "4": 3300.0, "5": 7700.0, "6": NaN, "7": 9600.0, "8": 1000.0, "9": NaN, "10": 2300.0, "11": 3900.0, "12": 9100.0, "13": 700.0}, "edge_voltage": {"0": 0.06508102267980576, "1": 0.03314745053648949, "2": -0.19677381962537766, "3": -0.5716331377625465, "4": 0.08081531524658203, "5": -0.13061710773035884, "6": -38.000001817941666, "7": -0.05087748169898987, "8": 0.011481039226055145, "9": -0.7684069573879242, "10": -0.01773003116250038, "11": -0.06615671189501882, "12": 0.10447746515274048, "13": 37.23159486055374}, "edge_current": {"0": -1.3016205230087508e-05, "1": -7.708709745202214e-06, "2": 2.6591056666802615e-05, "3": 6.805155862821266e-05, "4": -2.448948725941591e-05, "5": 1.696326035016682e-05, "6": -0.05318798869848251, "7": 5.299737949826522e-06, "8": -1.1481040019134525e-05, "9": 0.053119949996471405, "10": 7.708709745202214e-06, "11": 1.696326035016682e-05, "12": -1.1481040019134525e-05, "13": -0.05318798869848251}, "voltage": 38}