{"row": {"0": 0, "1": 1, "2": 1, "3": 1, "4": 2, "5": 5, "6": 7, "7": 3, "8": 2, "9": 3, "10": 6, "11": 4}, "col": {"0": 1, "1": 2, "2": 4, "3": 6, "4": 3, "5": 2, "6": 2, "7": 0, "8": 4, "9": 5, "10": 4, "11": 7}, "components": {"0": "v", "1": "r", "2": "r", "3": "r", "4": "r", "5": "r", "6": "d", "7": "r", "8": "r", "9": "r", "10": "r", "11": "r"}, "resistances": {"0": NaN, "1": 9500.0, "2": 8700.0, "3": 1600.0, "4": 300.0, "5": 3800.0, "6": NaN, "7": 5300.0, "8": 5800.0, "9": 1700.0, "10": 6800.0, "11": 800.0}, "edge_voltage": {"0": -2.0, "1": 0.933578372001648, "2": 0.39610493183135986, "3": 0.07544851303100586, "4": 0.05432534217834473, "5": -0.03753387928009033, "6": 0.5374600887298584, "7": 1.0120962858200073, "8": -0.5374734401702881, "9": -0.016791462898254395, "10": 0.320656418800354, "11": 1.33514404296875e-05}, "edge_current": {"0": -0.00019095605239272118, "1": -9.827141184359789e-05, "2": -4.5529297494795173e-05, "3": -4.7155343054328114e-05, "4": -0.00018108425138052553, "5": 9.87732255453011e-06, "6": -1.862645149230957e-08, "7": -0.00019096156756859273, "8": 9.266784763894975e-05, "9": 9.87732255453011e-06, "10": -4.7155343054328114e-05, "11": -1.6790778545328067e-08}, "voltage": 2}