{"row": {"0": 1, "1": 5, "2": 2, "3": 1, "4": 3, "5": 2, "6": 3, "7": 7, "8": 3, "9": 0, "10": 6, "11": 5, "12": 9, "13": 6, "14": 1, "15": 6, "16": 1, "17": 10}, "col": {"0": 0, "1": 0, "2": 1, "3": 4, "4": 2, "5": 8, "6": 0, "7": 3, "8": 10, "9": 4, "10": 4, "11": 2, "12": 5, "13": 1, "14": 7, "15": 8, "16": 9, "17": 1}, "components": {"0": "r", "1": "d", "2": "r", "3": "d", "4": "r", "5": "r", "6": "v", "7": "d", "8": "r", "9": "r", "10": "d", "11": "d", "12": "d", "13": "r", "14": "d", "15": "r", "16": "r", "17": "r"}, "resistances": {"0": 1100.0, "1": NaN, "2": 9500.0, "3": NaN, "4": 3700.0, "5": 3000.0, "6": NaN, "7": NaN, "8": 4200.0, "9": 400.0, "10": NaN, "11": NaN, "12": NaN, "13": 1000.0, "14": NaN, "15": 900.0, "16": 5900.0, "17": 9900.0}, "edge_voltage": {"0": -1.9488005638122559, "1": -0.4714095890522003, "2": -10.30820608139038, "3": -0.5576252937316895, "4": -13.742993354797363, "5": -7.887688636779785, "6": -26.0, "7": 12.025599479675293, "8": -7.164186477661133, "9": 1.3911752700805664, "10": -0.6118364334106445, "11": 11.785597056150436, "12": -0.4714033305644989, "13": -0.05421113967895508, "14": 12.025599956512451, "15": 2.3663063049316406, "16": -1.0059876441955566, "17": -16.88701295852661}, "edge_current": {"0": 0.0017716368893161416, "1": 0.00017050281167030334, "2": 0.0010850742692127824, "3": 0.0009029200300574303, "4": 0.003714322578161955, "5": 0.0026292293332517147, "6": -0.005420103669166565, "7": 0.0, "8": 0.0017057588556781411, "9": -0.0034779382403939962, "10": 0.0025749988853931427, "11": 0.0, "12": 0.00017049908638000488, "13": 5.4211112001212314e-05, "14": 2.9802322387695312e-08, "15": -0.0026292293332517147, "16": 0.0001705063768895343, "17": 0.0017057588556781411}, "voltage": 26}