{"row": {"0": 0, "1": 5, "2": 1, "3": 4, "4": 6, "5": 2, "6": 7, "7": 0, "8": 10, "9": 4, "10": 4, "11": 4, "12": 11, "13": 1, "14": 4, "15": 0, "16": 3, "17": 9, "18": 10, "19": 2}, "col": {"0": 1, "1": 0, "2": 2, "3": 1, "4": 1, "5": 3, "6": 2, "7": 3, "8": 3, "9": 2, "10": 8, "11": 9, "12": 4, "13": 5, "14": 6, "15": 7, "16": 8, "17": 2, "18": 7, "19": 11}, "components": {"0": "r", "1": "r", "2": "d", "3": "r", "4": "r", "5": "r", "6": "r", "7": "r", "8": "r", "9": "r", "10": "r", "11": "r", "12": "d", "13": "r", "14": "r", "15": "v", "16": "r", "17": "r", "18": "r", "19": "r"}, "resistances": {"0": 2700.0, "1": 5300.0, "2": NaN, "3": 7300.0, "4": 9100.0, "5": 1800.0, "6": 9000.0, "7": 5400.0, "8": 7700.0, "9": 6700.0, "10": 3200.0, "11": 8600.0, "12": NaN, "13": 2700.0, "14": 7600.0, "15": NaN, "16": 5100.0, "17": 5500.0, "18": 10000.0, "19": 300.0}, "edge_voltage": {"0": 0.9092366099357605, "1": -0.6023692488670349, "2": 2.88022643327713, "3": -2.2877314686775208, "4": -1.2466080784797668, "5": -0.46011805534362793, "6": -6.210536956787109, "7": 3.3293449878692627, "8": -2.901923418045044, "9": 0.5924949645996094, "10": 0.051036834716796875, "11": 0.36137986183166504, "12": -0.5013091564178467, "13": -0.3068673610687256, "14": -1.041123390197754, "15": 10.0, "16": -0.08134007453918457, "17": 0.23111510276794434, "18": 3.7687315940856934, "19": -0.0911858081817627}, "edge_current": {"0": -0.00033675431041046977, "1": 0.00011365457612555474, "2": -2.9802322387695312e-08, "3": 0.00031338786357082427, "4": 0.000136989910970442, "5": 0.00025562121300026774, "6": 0.0006900596781633794, "7": -0.0006165453814901412, "8": 0.00037687315489165485, "9": -8.843209798214957e-05, "10": -1.59490173246013e-05, "11": -4.202092532068491e-05, "12": 0.0003039538860321045, "13": 0.00011365457612555474, "14": 0.000136989910970442, "15": 0.001066931406967342, "16": 1.59490173246013e-05, "17": -4.202092532068491e-05, "18": -0.00037687315489165485, "19": 0.00030395304202102125}, "voltage": -10}