{"row": {"0": 1, "1": 0, "2": 2, "3": 1, "4": 3, "5": 4, "6": 0, "7": 6, "8": 7, "9": 9, "10": 4, "11": 5, "12": 6, "13": 7, "14": 5, "15": 9}, "col": {"0": 0, "1": 5, "2": 1, "3": 8, "4": 2, "5": 2, "6": 3, "7": 3, "8": 3, "9": 3, "10": 0, "11": 2, "12": 0, "13": 2, "14": 8, "15": 2}, "components": {"0": "r", "1": "r", "2": "r", "3": "r", "4": "r", "5": "v", "6": "r", "7": "r", "8": "r", "9": "r", "10": "r", "11": "d", "12": "r", "13": "r", "14": "d", "15": "r"}, "resistances": {"0": 5200.0, "1": 600.0, "2": 7900.0, "3": 4400.0, "4": 5500.0, "5": NaN, "6": 6100.0, "7": 1900.0, "8": 5100.0, "9": 7500.0, "10": 8500.0, "11": NaN, "12": 5200.0, "13": 10000.0, "14": NaN, "15": 6800.0}, "edge_voltage": {"0": 0.12442097067832947, "1": -0.004622464533895254, "2": 0.19035843014717102, "3": 0.0007431432604789734, "4": -0.1540551632642746, "5": -1.0, "6": -0.1607242375612259, "7": -0.043010711669921875, "8": 0.052031874656677246, "9": 0.08079816401004791, "10": -0.6852205991744995, "11": -0.31015693629160523, "12": 0.11771352589130402, "13": -0.10202328860759735, "14": -0.11905536288395524, "15": -0.07325699925422668}, "edge_current": {"0": -2.3927108486532234e-05, "1": 7.704107702011243e-06, "2": -2.4096005290630274e-05, "3": -1.6889634935068898e-07, "4": 2.8010032110614702e-05, "5": -8.061431435635313e-05, "6": 2.634823613334447e-05, "7": 2.2637215806753375e-05, "8": -1.0202329576713964e-05, "9": -1.0773089343274478e-05, "10": 8.061418338911608e-05, "11": 7.536262273788452e-06, "12": -2.2637215806753375e-05, "13": 1.0202329576713964e-05, "14": 1.685693860054016e-07, "15": 1.0773089343274478e-05}, "voltage": 1}