{"row": {"0": 0, "1": 5, "2": 0, "3": 1, "4": 1, "5": 1, "6": 2, "7": 4, "8": 3, "9": 4, "10": 1, "11": 6, "12": 8, "13": 7, "14": 10, "15": 2, "16": 9, "17": 10}, "col": {"0": 1, "1": 0, "2": 7, "3": 2, "4": 6, "5": 9, "6": 3, "7": 2, "8": 0, "9": 0, "10": 5, "11": 3, "12": 6, "13": 4, "14": 7, "15": 8, "16": 5, "17": 6}, "components": {"0": "r", "1": "d", "2": "r", "3": "r", "4": "r", "5": "r", "6": "d", "7": "r", "8": "r", "9": "r", "10": "d", "11": "r", "12": "r", "13": "r", "14": "d", "15": "d", "16": "v", "17": "r"}, "resistances": {"0": 800.0, "1": NaN, "2": 6900.0, "3": 2600.0, "4": 100.0, "5": 1400.0, "6": NaN, "7": 2800.0, "8": 5300.0, "9": 100.0, "10": NaN, "11": 1900.0, "12": 900.0, "13": 5100.0, "14": NaN, "15": NaN, "16": NaN, "17": 4900.0}, "edge_voltage": {"0": 1.1980565432168078e-05, "1": 0.7283192276954651, "2": 1.3682176813745173e-07, "3": -5.66036896998412e-06, "4": -1.6479771147714928e-07, "5": 34.271666943995115, "6": 2.37630365518271e-06, "7": 6.103765784359894e-06, "8": -8.696500117366668e-06, "9": -2.1643067782406433e-07, "10": -0.7283312082608973, "11": -3.1192676033242606e-06, "12": 1.8062564777210355e-09, "13": 7.96089096866126e-08, "14": -1.1658133075798105e-05, "15": 5.4937650020292494e-06, "16": -34.99999815225601, "17": 2.081287675537169e-08}, "edge_current": {"0": -1.4975706008613088e-08, "1": -1.7695128917694092e-08, "2": -1.9829242414726167e-11, "3": 2.1770649727415048e-09, "4": 1.6479747566577885e-09, "5": -0.024479763582348824, "6": -8.846257060213247e-13, "7": -2.179916469557952e-09, "8": 1.6408490122188368e-09, "9": 2.1643067338317223e-09, "10": 0.024479743093252182, "11": 1.6417199821816553e-09, "12": -2.007129705494659e-12, "13": -1.560959000945772e-11, "14": 4.206412995699793e-12, "15": -1.9610979506978765e-12, "16": -0.024479754269123077, "17": -4.247607474083814e-12}, "voltage": 35}