{"row": {"0": 1, "1": 2, "2": 1, "3": 1, "4": 2, "5": 0, "6": 5, "7": 3, "8": 4, "9": 4, "10": 0, "11": 2, "12": 1, "13": 8}, "col": {"0": 0, "1": 1, "2": 4, "3": 8, "4": 3, "5": 3, "6": 3, "7": 6, "8": 2, "9": 7, "10": 5, "11": 6, "12": 7, "13": 3}, "components": {"0": "r", "1": "r", "2": "d", "3": "r", "4": "r", "5": "d", "6": "r", "7": "r", "8": "r", "9": "r", "10": "r", "11": "r", "12": "v", "13": "r"}, "resistances": {"0": 5500.0, "1": 3600.0, "2": NaN, "3": 2300.0, "4": 1500.0, "5": NaN, "6": 1600.0, "7": 4000.0, "8": 4300.0, "9": 3300.0, "10": 5900.0, "11": 1600.0, "12": NaN, "13": 8400.0}, "edge_voltage": {"0": 0.6725105047225952, "1": -1.9098325967788696, "2": 5.3555439710617065, "3": 0.34164726734161377, "4": -0.3204032778739929, "5": 0.9169188141822815, "6": 0.19560933113098145, "7": 0.22885960340499878, "8": -3.445711374282837, "9": 2.644455909729004, "10": 0.7213094830513, "11": -0.09154367446899414, "12": 7.9999998807907104, "13": 1.247782051563263}, "edge_current": {"0": -0.00012227596016600728, "1": 0.0005305111408233643, "2": -1.862645149230957e-08, "3": -0.00014854548498988152, "4": 0.00021360223763622344, "5": -1.6763806343078613e-08, "6": -0.00012225583486724645, "7": -5.7214885600842535e-05, "8": 0.0008013282204046845, "9": -0.000801348069217056, "10": -0.00012225583486724645, "11": 5.7214885600842535e-05, "12": 0.0008013495244085789, "13": -0.00014854548498988152}, "voltage": -8}