{"row": {"0": 1, "1": 0, "2": 1, "3": 1, "4": 2, "5": 2, "6": 2, "7": 3, "8": 3, "9": 4, "10": 6, "11": 3, "12": 9, "13": 6, "14": 7, "15": 8, "16": 9, "17": 10}, "col": {"0": 0, "1": 7, "2": 2, "3": 4, "4": 3, "5": 5, "6": 8, "7": 0, "8": 10, "9": 0, "10": 4, "11": 5, "12": 5, "13": 2, "14": 3, "15": 4, "16": 1, "17": 4}, "components": {"0": "r", "1": "r", "2": "r", "3": "r", "4": "r", "5": "r", "6": "r", "7": "r", "8": "r", "9": "v", "10": "r", "11": "r", "12": "r", "13": "r", "14": "r", "15": "d", "16": "r", "17": "r"}, "resistances": {"0": 6300.0, "1": 5300.0, "2": 3100.0, "3": 2400.0, "4": 5300.0, "5": 3500.0, "6": 6800.0, "7": 9800.0, "8": 4800.0, "9": NaN, "10": 7200.0, "11": 7400.0, "12": 500.0, "13": 500.0, "14": 900.0, "15": NaN, "16": 6900.0, "17": 1200.0}, "edge_voltage": {"0": -11.953713417053223, "1": 7.4075517654418945, "2": -0.24794387817382812, "3": 5.046286582946777, "4": -3.0403318405151367, "5": -0.6787052154541016, "6": 0.0001277923583984375, "7": -8.665437698364258, "8": 6.66765022277832, "9": -17.0, "10": 4.9504499435424805, "11": 2.361626625061035, "12": -0.06261062622070312, "13": -0.343780517578125, "14": 1.2578859329223633, "15": 5.294102668762207, "16": 0.8640384674072266, "17": 1.6669120788574219}, "edge_current": {"0": 0.0018974147969856858, "1": -0.0013976512709632516, "2": 7.998190994840115e-05, "3": -0.0021026195026934147, "4": 0.0005736473831348121, "5": 0.00019391578098293394, "6": -1.8805293322543548e-08, "7": 0.0008842283859848976, "8": -0.0013890936970710754, "9": -0.0041792928241193295, "10": -0.0006875624530948699, "11": -0.00031913863494992256, "12": 0.00012522285396698862, "13": 0.0006875624530948699, "14": -0.0013976512709632516, "15": -1.862645149230957e-08, "16": -0.00012522285396698862, "17": -0.0013890936970710754}, "voltage": 17}