{"row": {"0": 1, "1": 0, "2": 0, "3": 2, "4": 9, "5": 3, "6": 6, "7": 3, "8": 5, "9": 8, "10": 1, "11": 5, "12": 4, "13": 7, "14": 1, "15": 9}, "col": {"0": 0, "1": 4, "2": 7, "3": 1, "4": 1, "5": 2, "6": 2, "7": 0, "8": 3, "9": 3, "10": 4, "11": 2, "12": 6, "13": 2, "14": 8, "15": 4}, "components": {"0": "r", "1": "d", "2": "r", "3": "v", "4": "r", "5": "r", "6": "r", "7": "r", "8": "r", "9": "r", "10": "r", "11": "r", "12": "d", "13": "r", "14": "r", "15": "r"}, "resistances": {"0": 7100.0, "1": NaN, "2": 2300.0, "3": NaN, "4": 7800.0, "5": 9300.0, "6": 4100.0, "7": 5700.0, "8": 3300.0, "9": 1700.0, "10": 8800.0, "11": 6700.0, "12": NaN, "13": 4400.0, "14": 1000.0, "15": 5700.0}, "edge_voltage": {"0": 0.4290381669998169, "1": -0.3470098376274109, "2": 0.1960018277168274, "3": -1.0, "4": -0.04739415645599365, "5": 0.6246073581278324, "6": 7.706880569458008e-05, "7": 0.05364552512764931, "8": -0.20612042024731636, "9": 0.23635834082961082, "10": 0.082028329372406, "11": 0.41848693788051605, "12": 0.9178946018218994, "13": 0.3749600052833557, "14": 0.13903430104255676, "15": 0.034634172916412354}, "edge_current": {"0": -6.0427912103477865e-05, "1": 1.5376601368188858e-05, "2": -8.521818381268531e-05, "3": -0.00021485979959834367, "4": 6.0761740314774215e-06, "5": -6.716208008583635e-05, "6": -1.8800918155648105e-08, "7": -9.411495739186648e-06, "8": 6.246073462534696e-05, "9": -0.00013903430954087526, "10": -9.321403013018426e-06, "11": -6.246073462534696e-05, "12": -1.862645149230957e-08, "13": -8.521818381268531e-05, "14": -0.00013903430954087526, "15": -6.0761740314774215e-06}, "voltage": 1}