{"row": {"0": 1, "1": 4, "2": 6, "3": 0, "4": 2, "5": 1, "6": 2, "7": 0, "8": 4, "9": 5, "10": 3, "11": 7}, "col": {"0": 0, "1": 0, "2": 0, "3": 7, "4": 1, "5": 5, "6": 3, "7": 3, "8": 1, "9": 0, "10": 6, "11": 5}, "components": {"0": "r", "1": "d", "2": "v", "3": "d", "4": "r", "5": "r", "6": "d", "7": "r", "8": "r", "9": "r", "10": "r", "11": "r"}, "resistances": {"0": 300.0, "1": NaN, "2": NaN, "3": NaN, "4": 4800.0, "5": 8900.0, "6": NaN, "7": 3600.0, "8": 6900.0, "9": 9800.0, "10": 200.0, "11": 5700.0}, "edge_voltage": {"0": -5.672479801432928e-06, "1": -5.541049176827073e-06, "2": -17.0, "3": 2.9002237624808913e-06, "4": -9.232474485543207e-05, "5": -2.732372195168864e-06, "6": 16.105162851774367, "7": 16.105260848999023, "8": 1.3143062460585497e-07, "9": -2.940107606264064e-06, "10": 0.8947391510009766, "11": 3.988384378317278e-08}, "edge_current": {"0": 1.8908265175809902e-08, "1": 1.9042545318370685e-11, "2": -0.004473691340535879, "3": -6.991740519879386e-12, "4": 1.9234320802752336e-08, "5": 3.070081133760283e-10, "6": -2.9802322387695312e-08, "7": -0.004473683889955282, "8": -1.904789867501755e-11, "9": 3.0001096051890386e-10, "10": -0.004473691340535879, "11": -6.997134642527936e-12}, "voltage": 17}