{"row": {"0": 0, "1": 0, "2": 1, "3": 4, "4": 1, "5": 3, "6": 6, "7": 0, "8": 0, "9": 4, "10": 5, "11": 7, "12": 0, "13": 6, "14": 7, "15": 8, "16": 0, "17": 1}, "col": {"0": 1, "1": 8, "2": 2, "3": 1, "4": 5, "5": 2, "6": 2, "7": 3, "8": 4, "9": 10, "10": 2, "11": 5, "12": 6, "13": 9, "14": 3, "15": 4, "16": 9, "17": 10}, "components": {"0": "d", "1": "r", "2": "r", "3": "r", "4": "r", "5": "d", "6": "r", "7": "r", "8": "r", "9": "r", "10": "r", "11": "r", "12": "v", "13": "r", "14": "r", "15": "r", "16": "r", "17": "r"}, "resistances": {"0": NaN, "1": 7400.0, "2": 3500.0, "3": 1400.0, "4": 7400.0, "5": NaN, "6": 4900.0, "7": 3800.0, "8": 2400.0, "9": 3100.0, "10": 2500.0, "11": 7100.0, "12": NaN, "13": 8400.0, "14": 4700.0, "15": 8100.0, "16": 1500.0, "17": 9700.0}, "edge_voltage": {"0": -0.6312049031257629, "1": -0.18749508261680603, "2": -10.07908695936203, "3": -0.23847872018814087, "4": -7.797596633434296, "5": -0.6161222457885742, "6": 32.28970813751221, "7": -10.094169616699219, "8": -0.39272618293762207, "9": -0.05775657296180725, "10": -2.2814903259277344, "11": 1.0020437240600586, "12": -43.0, "13": 36.484848499298096, "14": -0.6633243560791016, "15": -0.20523110032081604, "16": -6.515151500701904, "17": 0.18072214722633362}, "edge_current": {"0": 0.0037444941699504852, "1": 2.5337174520245753e-05, "2": 0.00287973927333951, "3": 0.00017034194024745375, "4": 0.0010537292109802365, "5": 0.002797462046146393, "6": -0.006589736323803663, "7": 0.002656360389664769, "8": 0.0001636359083931893, "9": 1.863114994193893e-05, "10": 0.0009125963551923633, "11": -0.00014113291399553418, "12": -0.010933170095086098, "13": -0.004343434236943722, "14": 0.00014113291399553418, "15": 2.5337174520245753e-05, "16": 0.004343434236943722, "17": -1.863114994193893e-05}, "voltage": 43}