{"row": {"0": 1, "1": 0, "2": 2, "3": 1, "4": 1, "5": 2, "6": 7, "7": 0, "8": 10, "9": 4, "10": 8, "11": 9, "12": 4, "13": 5, "14": 4, "15": 0, "16": 3, "17": 2, "18": 7, "19": 11}, "col": {"0": 0, "1": 5, "2": 1, "3": 4, "4": 6, "5": 3, "6": 2, "7": 3, "8": 3, "9": 2, "10": 4, "11": 4, "12": 11, "13": 1, "14": 6, "15": 7, "16": 8, "17": 9, "18": 10, "19": 2}, "components": {"0": "r", "1": "r", "2": "d", "3": "r", "4": "d", "5": "r", "6": "r", "7": "d", "8": "d", "9": "r", "10": "r", "11": "v", "12": "r", "13": "r", "14": "r", "15": "r", "16": "r", "17": "r", "18": "d", "19": "r"}, "resistances": {"0": 6400.0, "1": 8300.0, "2": NaN, "3": 3500.0, "4": NaN, "5": 3200.0, "6": 400.0, "7": NaN, "8": NaN, "9": 9400.0, "10": 300.0, "11": NaN, "12": 3500.0, "13": 7200.0, "14": 6800.0, "15": 7200.0, "16": 3200.0, "17": 3900.0, "18": NaN, "19": 7400.0}, "edge_voltage": {"0": -0.36458295583724976, "1": 0.19522829353809357, "2": -0.6097854971885681, "3": -5.719248712062836, "4": -0.5487367361783981, "5": -1.444958657026291, "6": 0.34537243843078613, "7": -0.470590204000473, "8": -0.5497931092977524, "9": 6.329034209251404, "10": -0.41863489151000977, "11": -26.0, "12": 2.0322587490081787, "13": 0.1693546622991562, "14": 5.170511975884438, "15": 0.6289960145950317, "16": -4.465440660715103, "17": 19.670965790748596, "18": -0.5497931092977524, "19": 4.296775460243225}, "edge_current": {"0": 5.696608786820434e-05, "1": -2.3521481125499122e-05, "2": 0.0024749264121055603, "3": 0.0016340709989890456, "4": 0.0007603690028190613, "5": 0.0004515495675150305, "6": -0.0008634311379864812, "7": 0.0001678280532360077, "8": 0.0007760673761367798, "9": -0.0006733015179634094, "10": 0.001395450090058148, "11": -0.005043837241828442, "12": -0.0005806453409604728, "13": -2.3521481125499122e-05, "14": -0.0007603694102726877, "15": -8.736055315239355e-05, "16": 0.001395450090058148, "17": -0.005043837241828442, "18": 0.0007760673761367798, "19": -0.0005806453409604728}, "voltage": 26}