{"row": {"0": 0, "1": 1, "2": 3, "3": 4, "4": 2, "5": 0, "6": 5, "7": 3, "8": 0, "9": 5, "10": 5, "11": 0, "12": 4, "13": 8}, "col": {"0": 1, "1": 2, "2": 2, "3": 2, "4": 8, "5": 3, "6": 3, "7": 6, "8": 4, "9": 0, "10": 7, "11": 6, "12": 7, "13": 6}, "components": {"0": "r", "1": "r", "2": "r", "3": "r", "4": "r", "5": "r", "6": "r", "7": "r", "8": "d", "9": "r", "10": "v", "11": "d", "12": "r", "13": "r"}, "resistances": {"0": 8600.0, "1": 2500.0, "2": 5600.0, "3": 400.0, "4": 4000.0, "5": 9500.0, "6": 9800.0, "7": 9100.0, "8": NaN, "9": 1500.0, "10": NaN, "11": NaN, "12": 4800.0, "13": 600.0}, "edge_voltage": {"0": -0.33892524242401123, "1": -0.09852480888366699, "2": -1.9564895629882812, "3": 0.21263206005096436, "4": 0.5711886137723923, "5": 1.519039511680603, "6": -6.390459656715393, "7": -1.299622654914856, "8": -0.6500821113586426, "9": -7.909499168395996, "10": -36.999999046325684, "11": 0.21941685676574707, "12": -28.440417766571045, "13": 0.08567829430103302}, "edge_current": {"0": 3.9409915189025924e-05, "1": 3.9409915189025924e-05, "2": 0.00034937314921990037, "3": -0.000531580182723701, "4": -0.00014279715833254158, "5": -0.00015989890380296856, "6": 0.0006520877359434962, "7": 0.0001428156829206273, "8": 0.005393512547016144, "9": 0.005272999405860901, "10": -0.005925087258219719, "11": -1.816079020500183e-08, "12": 0.005925087258219719, "13": -0.00014279715833254158}, "voltage": 37}