{"row": {"0": 0, "1": 1, "2": 1, "3": 1, "4": 2, "5": 3, "6": 5, "7": 3, "8": 4, "9": 7, "10": 5, "11": 2, "12": 1, "13": 3}, "col": {"0": 1, "1": 2, "2": 4, "3": 8, "4": 3, "5": 0, "6": 3, "7": 6, "8": 2, "9": 4, "10": 0, "11": 6, "12": 7, "13": 8}, "components": {"0": "d", "1": "v", "2": "r", "3": "r", "4": "r", "5": "r", "6": "r", "7": "r", "8": "r", "9": "r", "10": "r", "11": "r", "12": "r", "13": "r"}, "resistances": {"0": NaN, "1": NaN, "2": 9000.0, "3": 8600.0, "4": 6800.0, "5": 5500.0, "6": 8800.0, "7": 600.0, "8": 5300.0, "9": 9100.0, "10": 4100.0, "11": 5900.0, "12": 5800.0, "13": 5400.0}, "edge_voltage": {"0": -0.517421543598175, "1": 4.000000059604645, "2": 2.056985080242157, "3": 1.3009864687919617, "4": -1.882115125656128, "5": -1.6004633903503418, "6": 1.0917889475822449, "7": 0.17373371124267578, "8": 1.9430149793624878, "9": 1.256279468536377, "10": -0.5086744427680969, "11": -1.7083814144134521, "12": 0.80070561170578, "13": -0.8168984651565552}, "edge_current": {"0": 0.0004150616005063057, "1": 0.0009329430758953094, "2": -0.00022855389397591352, "3": -0.00015127749065868556, "4": 0.0002767816185951233, "5": 0.0002909933391492814, "6": -0.00012406693713273853, "7": -0.0002895561628974974, "8": -0.00036660657497122884, "9": -0.00013805269554723054, "10": 0.00012406693713273853, "11": 0.0002895561628974974, "12": -0.00013805269554723054, "13": 0.00015127749065868556}, "voltage": -4}