{"row": {"0": 0, "1": 0, "2": 2, "3": 6, "4": 3, "5": 2, "6": 2, "7": 3, "8": 1, "9": 3, "10": 7, "11": 6, "12": 8, "13": 2, "14": 8, "15": 6}, "col": {"0": 1, "1": 4, "2": 1, "3": 1, "4": 2, "5": 5, "6": 9, "7": 0, "8": 4, "9": 5, "10": 5, "11": 0, "12": 6, "13": 7, "14": 0, "15": 9}, "components": {"0": "d", "1": "r", "2": "r", "3": "r", "4": "d", "5": "r", "6": "r", "7": "d", "8": "d", "9": "r", "10": "r", "11": "d", "12": "d", "13": "r", "14": "r", "15": "v"}, "resistances": {"0": NaN, "1": 4800.0, "2": 7100.0, "3": 8400.0, "4": NaN, "5": 5800.0, "6": 8600.0, "7": NaN, "8": NaN, "9": 7600.0, "10": 2500.0, "11": NaN, "12": NaN, "13": 4400.0, "14": 4800.0, "15": NaN}, "edge_voltage": {"0": -0.5990304350852966, "1": -9.024202881846577e-05, "2": 15.286153852939606, "3": -1.1980613470077515, "4": -0.00020122528076171875, "5": 5.91278076171875e-05, "6": -18.515786170959473, "7": 15.88498306274414, "8": 0.5989401930564782, "9": -0.00014209747314453125, "10": 2.193450927734375e-05, "11": -0.5990309119224548, "12": 0.5989406698936364, "13": 3.719329833984375e-05, "14": -9.024202881846577e-05, "15": -35.00000137090683}, "edge_current": {"0": 0.0020103342831134796, "1": 1.8800422552089913e-08, "2": -0.0021529793739318848, "3": 0.00014262634795159101, "4": -1.5916157281026244e-09, "5": -1.0182938936509345e-08, "6": 0.0021529982332140207, "7": 0.0, "8": -1.862645149230957e-08, "9": 1.8742509766411786e-08, "10": -8.55957171808086e-09, "11": 0.002010352909564972, "12": -1.862645149230957e-08, "13": -8.55957171808086e-09, "14": 1.8800422552089913e-08, "15": -0.0021529942750930786}, "voltage": 35}