{"row": {"0": 1, "1": 2, "2": 4, "3": 5, "4": 2, "5": 3, "6": 2, "7": 6, "8": 5, "9": 7, "10": 0, "11": 7}, "col": {"0": 0, "1": 1, "2": 1, "3": 1, "4": 3, "5": 0, "6": 4, "7": 4, "8": 3, "9": 5, "10": 6, "11": 2}, "components": {"0": "r", "1": "r", "2": "d", "3": "r", "4": "d", "5": "d", "6": "v", "7": "r", "8": "r", "9": "d", "10": "r", "11": "r"}, "resistances": {"0": 1600.0, "1": 2100.0, "2": NaN, "3": 7700.0, "4": NaN, "5": NaN, "6": NaN, "7": 4300.0, "8": 4400.0, "9": NaN, "10": 6000.0, "11": 9300.0}, "edge_voltage": {"0": -0.37511321902275085, "1": -0.47596243023872375, "2": 3.5240375697612762, "3": -0.060180872678756714, "4": -0.4247845709323883, "5": -0.4262910783290863, "6": -4.0, "7": -1.3145995140075684, "8": -0.009003013372421265, "9": -0.32406294345855713, "10": -1.834324836730957, "11": 0.09171861410140991}, "edge_current": {"0": 0.00023444576072506607, "1": 0.00022664877178613096, "2": -2.2351741790771484e-08, "3": 7.81569724495057e-06, "4": 6.922706961631775e-05, "5": 7.127411663532257e-05, "6": -0.0003057420253753662, "7": 0.00030572080868296325, "8": 2.046140707534505e-06, "9": 9.860843420028687e-06, "10": 0.00030572080868296325, "11": -9.862212209554855e-06}, "voltage": 4}