{"row": {"0": 0, "1": 0, "2": 2, "3": 6, "4": 3, "5": 2, "6": 2, "7": 3, "8": 1, "9": 3, "10": 7, "11": 6, "12": 8, "13": 2, "14": 8, "15": 6}, "col": {"0": 1, "1": 4, "2": 1, "3": 1, "4": 2, "5": 5, "6": 9, "7": 0, "8": 4, "9": 5, "10": 5, "11": 0, "12": 6, "13": 7, "14": 0, "15": 9}, "components": {"0": "d", "1": "r", "2": "r", "3": "r", "4": "d", "5": "r", "6": "r", "7": "d", "8": "d", "9": "r", "10": "r", "11": "d", "12": "d", "13": "r", "14": "r", "15": "v"}, "resistances": {"0": NaN, "1": 4800.0, "2": 7100.0, "3": 8400.0, "4": NaN, "5": 5800.0, "6": 8600.0, "7": NaN, "8": NaN, "9": 7600.0, "10": 2500.0, "11": NaN, "12": NaN, "13": 4400.0, "14": 4800.0, "15": NaN}, "edge_voltage": {"0": -0.6079626679420471, "1": -9.024220344144851e-05, "2": 17.991450250148773, "3": -1.2159257531166077, "4": -0.0002002716064453125, "5": 5.91278076171875e-05, "6": -21.79262351989746, "7": 18.599212646484375, "8": 0.6078724257386057, "9": -0.000141143798828125, "10": 2.288818359375e-05, "11": -0.6079630851745605, "12": 0.6078728429711191, "13": 3.62396240234375e-05, "14": -9.024220344144851e-05, "15": -40.99999952316284}, "edge_current": {"0": 0.002389233559370041, "1": 1.880045985558354e-08, "2": -0.0025340071879327297, "3": 0.00014475306670647115, "4": 7.321432349272072e-11, "5": -1.0184410648150788e-08, "6": 0.0025340260472148657, "7": -1.4901161193847656e-08, "8": -1.6763806343078613e-08, "9": 1.874522048694871e-08, "10": -8.560808950619503e-09, "11": 0.00238925963640213, "12": -1.862645149230957e-08, "13": -8.560808950619503e-09, "14": 1.880045985558354e-08, "15": -0.002534031867980957}, "voltage": 41}