{"row": {"0": 1, "1": 2, "2": 4, "3": 5, "4": 3, "5": 0, "6": 4, "7": 4, "8": 3, "9": 5, "10": 0, "11": 7}, "col": {"0": 0, "1": 1, "2": 1, "3": 1, "4": 2, "5": 3, "6": 2, "7": 6, "8": 5, "9": 7, "10": 6, "11": 2}, "components": {"0": "r", "1": "r", "2": "r", "3": "r", "4": "r", "5": "v", "6": "r", "7": "r", "8": "r", "9": "r", "10": "r", "11": "r"}, "resistances": {"0": 500.0, "1": 1400.0, "2": 9800.0, "3": 7700.0, "4": 6700.0, "5": NaN, "6": 8800.0, "7": 9500.0, "8": 6000.0, "9": 1400.0, "10": 3800.0, "11": 3200.0}, "edge_voltage": {"0": 1.8604512214660645, "1": 3.7152962684631348, "2": 0.9705846309661865, "3": 7.454216480255127, "4": 14.4242525100708, "5": -20.0, "6": -2.7447116374969482, "7": 2.022168517112732, "8": 10.685332298278809, "9": 1.1379327774047852, "10": -0.808867335319519, "11": 2.600987434387207}, "edge_current": {"0": -0.0037209023721516132, "1": -0.0026537831872701645, "2": -9.903923637466505e-05, "3": -0.0009680800721980631, "4": -0.0021528734359890223, "5": -0.003933762200176716, "6": 0.00031189905712381005, "7": -0.00021285982802510262, "8": -0.0017808887641876936, "9": -0.0008128086919896305, "10": 0.00021285982802510262, "11": -0.0008128086919896305}, "voltage": 20}