{"row": {"0": 1, "1": 2, "2": 1, "3": 1, "4": 2, "5": 0, "6": 5, "7": 3, "8": 4, "9": 4, "10": 0, "11": 2, "12": 1, "13": 8}, "col": {"0": 0, "1": 1, "2": 4, "3": 8, "4": 3, "5": 3, "6": 3, "7": 6, "8": 2, "9": 7, "10": 5, "11": 6, "12": 7, "13": 3}, "components": {"0": "r", "1": "r", "2": "d", "3": "r", "4": "r", "5": "d", "6": "r", "7": "r", "8": "r", "9": "r", "10": "r", "11": "r", "12": "v", "13": "r"}, "resistances": {"0": 5500.0, "1": 3600.0, "2": NaN, "3": 2300.0, "4": 1500.0, "5": NaN, "6": 1600.0, "7": 4000.0, "8": 4300.0, "9": 3300.0, "10": 5900.0, "11": 1600.0, "12": NaN, "13": 8400.0}, "edge_voltage": {"0": -0.08038584887981415, "1": 0.22830168902873993, "2": -0.6413769572973251, "3": -0.04077173396945, "4": 0.03862447291612625, "5": -0.10929136723279953, "6": -0.023315496742725372, "7": -0.02758891135454178, "8": 0.4130752682685852, "9": -15.35862272977829, "10": -0.08597587049007416, "11": 0.011035561561584473, "12": -15.999999687075615, "13": -0.14890548214316368}, "edge_current": {"0": 1.4615609870816115e-05, "1": -6.341713742585853e-05, "2": 0.004558086395263672, "3": 1.7726842997944914e-05, "4": -2.574965219537262e-05, "5": 3.5762786865234375e-07, "6": 1.457218240830116e-05, "7": 6.8972281042078976e-06, "8": -9.606401727069169e-05, "9": 0.0046541281044483185, "10": 1.457218240830116e-05, "11": -6.8972281042078976e-06, "12": -0.004653662443161011, "13": 1.7726842997944914e-05}, "voltage": 16}