{"row": {"0": 0, "1": 0, "2": 0, "3": 2, "4": 1, "5": 1, "6": 3, "7": 3, "8": 1, "9": 2, "10": 6, "11": 3}, "col": {"0": 1, "1": 4, "2": 7, "3": 1, "4": 5, "5": 6, "6": 2, "7": 0, "8": 4, "9": 5, "10": 3, "11": 7}, "components": {"0": "r", "1": "r", "2": "d", "3": "r", "4": "r", "5": "v", "6": "r", "7": "r", "8": "d", "9": "r", "10": "r", "11": "r"}, "resistances": {"0": 800.0, "1": 7300.0, "2": NaN, "3": 8900.0, "4": 2300.0, "5": NaN, "6": 500.0, "7": 8000.0, "8": NaN, "9": 500.0, "10": 8400.0, "11": 5000.0}, "edge_voltage": {"0": 0.4355117678642273, "1": 0.0963822454214096, "2": -0.5014098286628723, "3": 1.992096722126007, "4": -1.6363651156425476, "5": -15.000000178813934, "6": 0.4676469564437866, "7": 2.0242319107055664, "8": -0.3391295224428177, "9": 0.3557316064834595, "10": 12.54025650024414, "11": 1.522822082042694}, "edge_current": {"0": -0.0005443897098302841, "1": -1.3203047274146229e-05, "2": 0.00030456390231847763, "3": -0.0002238310844404623, "4": 0.0007114631007425487, "5": -0.0014928876189514995, "6": -0.0009352941997349262, "7": -0.0002530289930291474, "8": 1.3202428817749023e-05, "9": -0.0007114631007425487, "10": -0.0014928876189514995, "11": -0.00030456442618742585}, "voltage": 15}