{"row": {"0": 0, "1": 4, "2": 2, "3": 8, "4": 3, "5": 7, "6": 0, "7": 3, "8": 3, "9": 4, "10": 2, "11": 6, "12": 6, "13": 1, "14": 0, "15": 4}, "col": {"0": 1, "1": 0, "2": 1, "3": 1, "4": 2, "5": 2, "6": 3, "7": 5, "8": 6, "9": 1, "10": 5, "11": 4, "12": 9, "13": 7, "14": 8, "15": 9}, "components": {"0": "r", "1": "v", "2": "d", "3": "r", "4": "r", "5": "r", "6": "d", "7": "r", "8": "r", "9": "r", "10": "r", "11": "r", "12": "r", "13": "r", "14": "r", "15": "r"}, "resistances": {"0": 800.0, "1": NaN, "2": NaN, "3": 8200.0, "4": 8900.0, "5": 8100.0, "6": NaN, "7": 9900.0, "8": 9400.0, "9": 9500.0, "10": 3600.0, "11": 8800.0, "12": 8900.0, "13": 10000.0, "14": 5100.0, "15": 1000.0}, "edge_voltage": {"0": 0.30204328894615173, "1": -3.0, "2": -0.43948373198509216, "3": 0.18622217327356339, "4": -0.6236348748207092, "5": 0.19667500257492065, "6": 1.3651618957519531, "7": -0.4573322534561157, "8": 1.0930840969085693, "9": -2.6979567110538483, "10": 0.1663026213645935, "11": 0.5417540073394775, "12": 0.4870314598083496, "13": 0.2428087294101715, "14": 0.11582111567258835, "15": -0.05472254753112793}, "edge_current": {"0": -0.0003775541263166815, "1": -0.000400280870962888, "2": 9.198859333992004e-05, "3": -2.27100226766197e-05, "4": 7.007132808212191e-05, "5": -2.428086918371264e-05, "6": -2.2351741790771484e-08, "7": 4.61951713077724e-05, "8": -0.00011628555512288585, "9": 0.0002839954395312816, "10": -4.61951713077724e-05, "11": -6.156293966341764e-05, "12": -5.4722615459468216e-05, "13": -2.428086918371264e-05, "14": -2.27100226766197e-05, "15": 5.4722615459468216e-05}, "voltage": 3}