{"row": {"0": 0, "1": 0, "2": 2, "3": 5, "4": 1, "5": 1, "6": 3, "7": 2, "8": 3, "9": 6, "10": 1, "11": 5, "12": 5, "13": 6, "14": 9, "15": 1, "16": 6, "17": 9, "18": 4, "19": 5}, "col": {"0": 1, "1": 4, "2": 1, "3": 1, "4": 10, "5": 11, "6": 2, "7": 7, "8": 0, "9": 3, "10": 4, "11": 0, "12": 8, "13": 1, "14": 6, "15": 7, "16": 8, "17": 1, "18": 10, "19": 11}, "components": {"0": "r", "1": "d", "2": "r", "3": "r", "4": "r", "5": "r", "6": "r", "7": "d", "8": "d", "9": "r", "10": "r", "11": "r", "12": "r", "13": "r", "14": "r", "15": "r", "16": "v", "17": "r", "18": "r", "19": "r"}, "resistances": {"0": 5500.0, "1": NaN, "2": 6200.0, "3": 8900.0, "4": 600.0, "5": 4800.0, "6": 1100.0, "7": NaN, "8": NaN, "9": 7300.0, "10": 6500.0, "11": 6300.0, "12": 9800.0, "13": 7600.0, "14": 600.0, "15": 4500.0, "16": NaN, "17": 3000.0, "18": 9100.0, "19": 3500.0}, "edge_voltage": {"0": 0.7009730935096741, "1": 0.7008993625640869, "2": 0.154496967792511, "3": 4.2022300362586975, "4": -4.589557647705078e-06, "5": -2.4302054047584534, "6": 0.027431964874267578, "7": 0.1544175148010254, "8": -0.5190441608428955, "9": -2.9444549083709717, "10": -7.37309455871582e-05, "11": 3.5012569427490234, "12": -15.03524398803711, "13": -2.762525975704193, "14": 0.460421085357666, "15": -7.94529914855957e-05, "16": -22.0, "17": -2.302104890346527, "18": 6.914138793945312e-05, "19": 1.7720246315002441}, "edge_current": {"0": -0.00012744964624289423, "1": -1.955777406692505e-08, "2": -2.4918861527112313e-05, "3": -0.0004721606965176761, "4": 7.598684348408824e-09, "5": 0.0005062927957624197, "6": -2.4938150090747513e-05, "7": -1.979060471057892e-08, "8": 0.0004282882437109947, "9": 0.0004033499862998724, "10": 1.1339574612634351e-08, "11": -0.0005557551048696041, "12": 0.001534208538942039, "13": 0.0003634902532212436, "14": -0.000767368299420923, "15": 1.7652293848868794e-08, "16": -0.001534208538942039, "17": 0.000767368299420923, "18": -7.598684348408824e-09, "19": -0.0005062927957624197}, "voltage": 22}