{"row": {"0": 1, "1": 2, "2": 4, "3": 5, "4": 2, "5": 3, "6": 2, "7": 6, "8": 5, "9": 7, "10": 0, "11": 7}, "col": {"0": 0, "1": 1, "2": 1, "3": 1, "4": 3, "5": 0, "6": 4, "7": 4, "8": 3, "9": 5, "10": 6, "11": 2}, "components": {"0": "r", "1": "r", "2": "d", "3": "r", "4": "d", "5": "d", "6": "v", "7": "r", "8": "r", "9": "d", "10": "r", "11": "r"}, "resistances": {"0": 1600.0, "1": 2100.0, "2": NaN, "3": 7700.0, "4": NaN, "5": NaN, "6": NaN, "7": 4300.0, "8": 4400.0, "9": NaN, "10": 6000.0, "11": 9300.0}, "edge_voltage": {"0": -0.5609344244003296, "1": -0.7054411172866821, "2": 44.294557929039, "3": -0.11302745342254639, "4": -0.6331262588500977, "5": -0.6332492828369141, "6": -44.999999046325684, "7": -18.257726669311523, "8": -0.040712594985961914, "9": -0.3698608875274658, "10": -25.47589683532715, "11": 0.22255277633666992}, "edge_current": {"0": 0.0003505840140860528, "1": 0.0003359243564773351, "2": -5.960464477539063e-08, "3": 1.4678886145702563e-05, "4": 0.003886207938194275, "5": 0.0038954541087150574, "6": -0.0042459964752197266, "7": 0.004245982971042395, "8": 9.252855306840502e-06, "9": 2.393219619989395e-05, "10": 0.004245982971042395, "11": -2.3930411771289073e-05}, "voltage": 45}