{"row": {"0": 0, "1": 1, "2": 4, "3": 6, "4": 7, "5": 9, "6": 2, "7": 0, "8": 3, "9": 2, "10": 4, "11": 5, "12": 2, "13": 5, "14": 8, "15": 6}, "col": {"0": 1, "1": 2, "2": 1, "3": 1, "4": 1, "5": 1, "6": 3, "7": 3, "8": 5, "9": 4, "10": 8, "11": 1, "12": 6, "13": 7, "14": 5, "15": 9}, "components": {"0": "r", "1": "r", "2": "r", "3": "d", "4": "r", "5": "r", "6": "r", "7": "d", "8": "r", "9": "r", "10": "r", "11": "v", "12": "r", "13": "r", "14": "r", "15": "r"}, "resistances": {"0": 7000.0, "1": 300.0, "2": 9500.0, "3": NaN, "4": 10000.0, "5": 700.0, "6": 500.0, "7": NaN, "8": 8500.0, "9": 4700.0, "10": 8000.0, "11": NaN, "12": 6600.0, "13": 6000.0, "14": 8100.0, "15": 1900.0}, "edge_voltage": {"0": -0.00013261580897960812, "1": 1.6768533542199293, "2": -7.800983484034077, "3": -0.39758494043780956, "4": -26.249999101404683, "5": -0.10704209948016796, "6": 2.2401665449142456, "7": 3.9168872833251953, "8": 38.08297920227051, "9": 6.124130129814148, "10": 16.993300437927246, "11": -41.99999910140468, "12": -1.2792684137821198, "13": -15.75, "14": 17.20571517944336, "15": -0.2905428409576416}, "edge_current": {"0": 1.894511569844326e-08, "1": -0.0055895112454891205, "2": 0.000821156136225909, "3": 4.090927541255951e-05, "4": 0.002624999964609742, "5": 0.0001529172877781093, "6": -0.004480333067476749, "7": -2.2351741790771484e-08, "8": -0.004480350762605667, "9": -0.0013030064292252064, "10": -0.0021241626236587763, "11": -0.009229512885212898, "12": 0.00019382854225113988, "13": 0.002624999964609742, "14": -0.0021241626236587763, "15": 0.0001529172877781093}, "voltage": 42}