{"row": {"0": 1, "1": 0, "2": 6, "3": 0, "4": 2, "5": 1, "6": 3, "7": 3, "8": 4, "9": 5, "10": 3, "11": 7}, "col": {"0": 0, "1": 4, "2": 0, "3": 7, "4": 1, "5": 5, "6": 2, "7": 0, "8": 1, "9": 0, "10": 6, "11": 5}, "components": {"0": "d", "1": "r", "2": "r", "3": "r", "4": "r", "5": "r", "6": "r", "7": "r", "8": "v", "9": "r", "10": "r", "11": "d"}, "resistances": {"0": NaN, "1": 6400.0, "2": 5900.0, "3": 5700.0, "4": 700.0, "5": 800.0, "6": 4900.0, "7": 8500.0, "8": NaN, "9": 200.0, "10": 7300.0, "11": NaN}, "edge_voltage": {"0": 0.8755372166633606, "1": 6.124462604522705, "2": 0.18786664307117462, "3": -0.0028800377622246742, "4": -0.056903183460235596, "5": 0.7005106955766678, "6": -0.3983222246170044, "7": 0.4203118085861206, "8": -6.999999821186066, "9": 0.1750265210866928, "10": 0.23244516551494598, "11": -0.17214648332446814}, "edge_current": {"0": -1.862645149230957e-08, "1": -0.0009569473331794143, "2": -3.1841802410781384e-05, "3": 5.052697815699503e-07, "4": 8.129025081871077e-05, "5": -0.0008756383322179317, "6": 8.129025081871077e-05, "7": -4.944844840792939e-05, "8": -0.0009569451212882996, "9": -0.0008751325658522546, "10": -3.1841802410781384e-05, "11": 5.047768354415894e-07}, "voltage": 7}