{"row": {"0": 0, "1": 0, "2": 1, "3": 4, "4": 1, "5": 3, "6": 6, "7": 0, "8": 0, "9": 4, "10": 5, "11": 7, "12": 0, "13": 6, "14": 7, "15": 8, "16": 0, "17": 1}, "col": {"0": 1, "1": 8, "2": 2, "3": 1, "4": 5, "5": 2, "6": 2, "7": 3, "8": 4, "9": 10, "10": 2, "11": 5, "12": 6, "13": 9, "14": 3, "15": 4, "16": 9, "17": 10}, "components": {"0": "d", "1": "r", "2": "r", "3": "r", "4": "r", "5": "d", "6": "r", "7": "r", "8": "r", "9": "r", "10": "r", "11": "r", "12": "v", "13": "r", "14": "r", "15": "r", "16": "r", "17": "r"}, "resistances": {"0": NaN, "1": 7400.0, "2": 3500.0, "3": 1400.0, "4": 7400.0, "5": NaN, "6": 4900.0, "7": 3800.0, "8": 2400.0, "9": 3100.0, "10": 2500.0, "11": 7100.0, "12": NaN, "13": 8400.0, "14": 4700.0, "15": 8100.0, "16": 1500.0, "17": 9700.0}, "edge_voltage": {"0": -0.6360810399055481, "1": -0.1889435052871704, "2": -11.028729140758514, "3": -0.24032101035118103, "4": -8.539569556713104, "5": -0.6208410263061523, "6": 35.33518981933594, "7": -11.04396915435791, "8": -0.39576002955436707, "9": -0.05820274353027344, "10": -2.48915958404541, "11": 1.1241579055786133, "12": -47.0, "13": 39.878787994384766, "14": -0.7441606521606445, "15": -0.20681652426719666, "16": -7.121212005615234, "17": 0.1821182668209076}, "edge_current": {"0": 0.004114627838134766, "1": 2.55329050560249e-05, "2": 0.0031510654371231794, "3": 0.0001716578408377245, "4": 0.0011539958650246263, "5": 0.003064606338739395, "6": -0.007211263291537762, "7": 0.002906307578086853, "8": 0.0001649000187171623, "9": 1.877507565950509e-05, "10": 0.0009956636931747198, "11": -0.0001583320990903303, "12": -0.01195873785763979, "13": -0.004747474566102028, "14": 0.0001583320990903303, "15": 2.55329050560249e-05, "16": 0.004747474566102028, "17": -1.877507565950509e-05}, "voltage": 47}