{"row": {"0": 0, "1": 1, "2": 1, "3": 1, "4": 2, "5": 5, "6": 7, "7": 3, "8": 2, "9": 3, "10": 6, "11": 4}, "col": {"0": 1, "1": 2, "2": 4, "3": 6, "4": 3, "5": 2, "6": 2, "7": 0, "8": 4, "9": 5, "10": 4, "11": 7}, "components": {"0": "v", "1": "r", "2": "r", "3": "r", "4": "r", "5": "r", "6": "d", "7": "r", "8": "r", "9": "r", "10": "r", "11": "r"}, "resistances": {"0": NaN, "1": 9500.0, "2": 8700.0, "3": 1600.0, "4": 300.0, "5": 3800.0, "6": NaN, "7": 5300.0, "8": 5800.0, "9": 1700.0, "10": 6800.0, "11": 800.0}, "edge_voltage": {"0": -12.0, "1": 5.601650238037109, "2": 2.376490592956543, "3": 0.4526653289794922, "4": 0.3259425163269043, "5": -0.22519636154174805, "6": 3.2251482009887695, "7": 6.072407245635986, "8": -3.2251596450805664, "9": -0.10074615478515625, "10": 1.9238252639770508, "11": 1.1444091796875e-05}, "edge_current": {"0": -0.0011457228101789951, "1": -0.0005896473885513842, "2": -0.00027315987972542644, "3": -0.0002829156001098454, "4": -0.001086474978365004, "5": 5.926227095187642e-05, "6": -2.2351741790771484e-08, "7": -0.0011457372456789017, "8": 0.000556061917450279, "9": 5.926227095187642e-05, "10": -0.0002829156001098454, "11": -1.3554151578887286e-08}, "voltage": 12}