{"row": {"0": 1, "1": 0, "2": 2, "3": 1, "4": 2, "5": 2, "6": 3, "7": 3, "8": 10, "9": 4, "10": 6, "11": 2, "12": 5, "13": 1, "14": 1, "15": 6, "16": 9, "17": 10}, "col": {"0": 0, "1": 5, "2": 1, "3": 4, "4": 3, "5": 8, "6": 0, "7": 7, "8": 3, "9": 0, "10": 4, "11": 5, "12": 9, "13": 6, "14": 7, "15": 8, "16": 1, "17": 1}, "components": {"0": "r", "1": "r", "2": "r", "3": "r", "4": "v", "5": "r", "6": "r", "7": "r", "8": "r", "9": "r", "10": "d", "11": "r", "12": "r", "13": "d", "14": "r", "15": "r", "16": "r", "17": "r"}, "resistances": {"0": 6600.0, "1": 7600.0, "2": 9900.0, "3": 4600.0, "4": NaN, "5": 5600.0, "6": 5100.0, "7": 2500.0, "8": 6700.0, "9": 9200.0, "10": NaN, "11": 8200.0, "12": 3700.0, "13": NaN, "14": 200.0, "15": 9600.0, "16": 1400.0, "17": 2900.0}, "edge_voltage": {"0": -0.3467986583709717, "1": 2.612981081008911, "2": -8.729117631912231, "3": 1.2815591096878052, "4": -12.000000238418579, "5": -2.5514326095581055, "6": 2.924083948135376, "7": 3.028594993054867, "8": -2.282803475856781, "9": -1.6283577680587769, "10": -0.522241473197937, "11": -6.462935209274292, "12": -1.6440931558609009, "13": 1.8038005828857422, "14": -0.24228761345148087, "15": 4.373884439468384, "16": -0.6220892667770386, "17": 0.9880791306495667}, "edge_current": {"0": 5.2545248763635755e-05, "1": -0.00034381329896859825, "2": 0.0008817290072329342, "3": -0.00027859979309141636, "4": -0.0021255044266581535, "5": 0.0004556129570119083, "6": -0.0005733498255722225, "7": -0.0012114379787817597, "8": 0.00034071694244630635, "9": 0.00017699541058391333, "10": 0.0004556030035018921, "11": 0.0007881628116592765, "12": 0.0004443494835868478, "13": -2.2351741790771484e-08, "14": 0.0012114379787817597, "15": -0.0004556129570119083, "16": 0.0004443494835868478, "17": -0.00034071694244630635}, "voltage": 12}