{"row": {"0": 0, "1": 0, "2": 8, "3": 11, "4": 2, "5": 5, "6": 2, "7": 4, "8": 2, "9": 9, "10": 0, "11": 3, "12": 1, "13": 5, "14": 0, "15": 7, "16": 2, "17": 9, "18": 10, "19": 11}, "col": {"0": 1, "1": 7, "2": 0, "3": 0, "4": 1, "5": 1, "6": 3, "7": 2, "8": 6, "9": 2, "10": 3, "11": 10, "12": 4, "13": 0, "14": 6, "15": 5, "16": 8, "17": 5, "18": 2, "19": 7}, "components": {"0": "r", "1": "r", "2": "r", "3": "d", "4": "r", "5": "r", "6": "d", "7": "r", "8": "r", "9": "r", "10": "r", "11": "r", "12": "r", "13": "d", "14": "r", "15": "r", "16": "r", "17": "d", "18": "v", "19": "r"}, "resistances": {"0": 5500.0, "1": 1200.0, "2": 3500.0, "3": NaN, "4": 5500.0, "5": 5800.0, "6": NaN, "7": 8500.0, "8": 4700.0, "9": 4200.0, "10": 800.0, "11": 5500.0, "12": 6000.0, "13": NaN, "14": 8700.0, "15": 4900.0, "16": 6000.0, "17": NaN, "18": NaN, "19": 7000.0}, "edge_voltage": {"0": -1.1510626077651978, "1": -0.1162746474146843, "2": 0.8733518123626709, "3": 0.11615698039531708, "4": 1.2194637060165405, "5": -0.5599174499511719, "6": 2.9629618525505066, "7": -0.7148580551147461, "8": 0.8314532041549683, "9": 0.005166053771972656, "10": 0.5924355387687683, "11": 4.037038147449493, "12": -0.5046056509017944, "13": 0.5911451578140259, "14": -1.53907310962677, "15": -0.4748705103993416, "16": 1.4971745014190674, "17": 1.784547209739685, "18": -7.0, "19": -0.00011766701936721802}, "edge_current": {"0": 0.00020928411686327308, "1": 9.689553553471342e-05, "2": -0.0002495290827937424, "3": 0.0, "4": -0.00022172066383063793, "5": 9.653750021243468e-05, "6": 0.0, "7": 8.410094596911222e-05, "8": -0.0001769049558788538, "9": -1.2300232583584148e-06, "10": -0.0007405444630421698, "11": -0.0007340069278143346, "12": 8.410094596911222e-05, "13": -1.049041748046875e-05, "14": 0.0001769049558788538, "15": 9.69123502727598e-05, "16": -0.0002495290827937424, "17": 7.62939453125e-06, "18": -0.00074005126953125, "19": 1.68095759534026e-08}, "voltage": 7}