{"row": {"0": 1, "1": 0, "2": 0, "3": 2, "4": 1, "5": 3, "6": 3, "7": 6, "8": 3, "9": 2, "10": 2, "11": 4, "12": 4, "13": 2}, "col": {"0": 0, "1": 4, "2": 8, "3": 1, "4": 5, "5": 2, "6": 0, "7": 3, "8": 7, "9": 4, "10": 5, "11": 6, "12": 7, "13": 8}, "components": {"0": "r", "1": "r", "2": "r", "3": "r", "4": "r", "5": "d", "6": "r", "7": "r", "8": "r", "9": "r", "10": "r", "11": "v", "12": "d", "13": "r"}, "resistances": {"0": 5600.0, "1": 2800.0, "2": 6100.0, "3": 4000.0, "4": 5600.0, "5": NaN, "6": 7600.0, "7": 5900.0, "8": 9600.0, "9": 2100.0, "10": 1300.0, "11": NaN, "12": NaN, "13": 8800.0}, "edge_voltage": {"0": -0.4336089491844177, "1": 0.8810623288154602, "2": 0.2577846348285675, "3": -0.19606173038482666, "4": 0.1591225266456604, "5": 3.9308233857154846, "6": 3.3011527061462402, "7": 4.817784786224365, "8": 3.6690607964992523, "9": 0.2513916492462158, "10": -0.03693920373916626, "11": -8.999999821186066, "12": -0.5131542384624481, "13": -0.3718860447406769}, "edge_current": {"0": 7.743017340544611e-05, "1": -0.0003146651142742485, "2": -4.2259776819264516e-05, "3": 4.901542706647888e-05, "4": -2.8414740881999023e-05, "5": -2.9802322387695312e-08, "6": -0.00043436221312731504, "7": -0.0008165737381204963, "8": -0.00038219382986426353, "9": -0.00011971031199209392, "10": 2.8414740881999023e-05, "11": -0.0008165687322616577, "12": 0.0003821924328804016, "13": 4.2259776819264516e-05}, "voltage": 9}