{"row": {"0": 0, "1": 1, "2": 3, "3": 4, "4": 3, "5": 5, "6": 6, "7": 4, "8": 2, "9": 7, "10": 0, "11": 4}, "col": {"0": 1, "1": 2, "2": 2, "3": 2, "4": 0, "5": 3, "6": 3, "7": 1, "8": 5, "9": 5, "10": 6, "11": 7}, "components": {"0": "r", "1": "r", "2": "r", "3": "r", "4": "r", "5": "v", "6": "r", "7": "d", "8": "d", "9": "r", "10": "r", "11": "r"}, "resistances": {"0": 7600.0, "1": 3100.0, "2": 9000.0, "3": 5400.0, "4": 1500.0, "5": NaN, "6": 8700.0, "7": NaN, "8": NaN, "9": 2000.0, "10": 4900.0, "11": 300.0}, "edge_voltage": {"0": 3.71364688873291, "1": -0.6225399971008301, "2": 3.75128835439682, "3": -1.1662135124206543, "4": 0.66018146276474, "5": -6.999999940395355, "6": -0.42232444882392883, "7": -0.5436735153198242, "8": 3.248711585998535, "9": 1.8108677864074707, "10": -0.23785701394081116, "11": 0.27163028717041016}, "edge_current": {"0": -0.000488637771923095, "1": 0.00020082162518519908, "2": -0.0004168090526945889, "3": 0.00021596677834168077, "4": -0.0004401163896545768, "5": -0.0009054616093635559, "6": 4.854224971495569e-05, "7": 0.000689435750246048, "8": -2.2351741790771484e-08, "9": -0.0009054339025169611, "10": 4.854224971495569e-05, "11": -0.0009054339025169611}, "voltage": 7}