{"row": {"0": 0, "1": 2, "2": 4, "3": 5, "4": 2, "5": 0, "6": 2, "7": 4, "8": 5, "9": 7, "10": 6, "11": 7}, "col": {"0": 1, "1": 1, "2": 1, "3": 1, "4": 3, "5": 3, "6": 4, "7": 6, "8": 3, "9": 5, "10": 0, "11": 2}, "components": {"0": "r", "1": "r", "2": "r", "3": "r", "4": "v", "5": "d", "6": "r", "7": "d", "8": "r", "9": "r", "10": "r", "11": "r"}, "resistances": {"0": 1000.0, "1": 4800.0, "2": 8200.0, "3": 4400.0, "4": NaN, "5": NaN, "6": 1000.0, "7": NaN, "8": 8300.0, "9": 2400.0, "10": 3800.0, "11": 2900.0}, "edge_voltage": {"0": 1.1304763555526733, "1": -3.2740508317947388, "2": -2.253041625022888, "3": -0.7639333009719849, "4": -5.000000059604645, "5": -0.5954728722572327, "6": -1.0210092067718506, "7": -0.5477674007415771, "8": -2.489882528781891, "9": -1.1366569995880127, "10": -2.8357505798339844, "11": 1.3734605312347412}, "edge_current": {"0": -0.001130476244725287, "1": 0.0006820939015597105, "2": 0.0002747611724771559, "3": 0.00017362121434416622, "4": -0.0021767057478427887, "5": 0.0018767192959785461, "6": 0.0010210091713815928, "7": 0.0007462240755558014, "8": 0.0002999858115799725, "9": 0.0004736070695798844, "10": 0.0007462501525878906, "11": -0.0004736070695798844}, "voltage": 5}