{"row": {"0": 1, "1": 0, "2": 2, "3": 1, "4": 2, "5": 2, "6": 3, "7": 3, "8": 10, "9": 4, "10": 6, "11": 2, "12": 5, "13": 1, "14": 1, "15": 6, "16": 9, "17": 10}, "col": {"0": 0, "1": 5, "2": 1, "3": 4, "4": 3, "5": 8, "6": 0, "7": 7, "8": 3, "9": 0, "10": 4, "11": 5, "12": 9, "13": 6, "14": 7, "15": 8, "16": 1, "17": 1}, "components": {"0": "r", "1": "r", "2": "r", "3": "r", "4": "v", "5": "r", "6": "r", "7": "r", "8": "r", "9": "r", "10": "d", "11": "r", "12": "r", "13": "d", "14": "r", "15": "r", "16": "r", "17": "r"}, "resistances": {"0": 6600.0, "1": 7600.0, "2": 9900.0, "3": 4600.0, "4": NaN, "5": 5600.0, "6": 5100.0, "7": 2500.0, "8": 6700.0, "9": 9200.0, "10": NaN, "11": 8200.0, "12": 3700.0, "13": NaN, "14": 200.0, "15": 9600.0, "16": 1400.0, "17": 2900.0}, "edge_voltage": {"0": 0.10892674326896667, "1": -0.4705590605735779, "2": 1.4507887661457062, "3": 0.03625936806201935, "4": 1.9999999701976776, "5": 0.3784651756286621, "6": -0.44028446078300476, "7": -0.508528895676136, "8": 0.3833036534488201, "9": 0.07266737520694733, "10": 0.4597856253385544, "11": 1.089156448841095, "12": 0.26236070692539215, "13": -0.42352625727653503, "14": 0.04068230837583542, "15": -0.648797333240509, "16": 0.09927161037921906, "17": -0.16590755060315132}, "edge_current": {"0": -1.650405283726286e-05, "1": 6.191566353663802e-05, "2": -0.00014654432015959173, "3": -7.882471436460037e-06, "4": 0.0003469509247224778, "5": -6.758305971743539e-05, "6": 8.633028483018279e-05, "7": 0.00020341156050562859, "8": -5.720950139220804e-05, "9": -7.898627700342331e-06, "10": -2.2351741790771484e-08, "11": -0.00013282395957503468, "12": -7.090829603839666e-05, "13": 6.756186485290527e-05, "14": -0.00020341156050562859, "15": 6.758305971743539e-05, "16": -7.090829603839666e-05, "17": 5.720950139220804e-05}, "voltage": -2}