{"row": {"0": 0, "1": 2, "2": 7, "3": 2, "4": 4, "5": 2, "6": 8, "7": 3, "8": 3, "9": 4, "10": 1, "11": 1, "12": 5, "13": 8}, "col": {"0": 1, "1": 1, "2": 1, "3": 3, "4": 2, "5": 5, "6": 2, "7": 0, "8": 6, "9": 1, "10": 5, "11": 6, "12": 7, "13": 5}, "components": {"0": "r", "1": "r", "2": "r", "3": "v", "4": "r", "5": "r", "6": "r", "7": "r", "8": "d", "9": "r", "10": "r", "11": "r", "12": "r", "13": "r"}, "resistances": {"0": 1400.0, "1": 4900.0, "2": 5200.0, "3": NaN, "4": 3500.0, "5": 7600.0, "6": 7100.0, "7": 3900.0, "8": NaN, "9": 2900.0, "10": 8100.0, "11": 8900.0, "12": 1600.0, "13": 2600.0}, "edge_voltage": {"0": -1.3248178958892822, "1": 2.9847075939178467, "2": 1.0602409839630127, "3": 8.0, "4": -1.6322619915008545, "5": 1.5982387065887451, "6": -1.1698448657989502, "7": -3.690474510192871, "8": -0.5274901390075684, "9": 1.3524456024169922, "10": -1.3864688873291016, "11": 4.487802267074585, "12": 0.32622790336608887, "13": 0.4283938407897949}, "edge_current": {"0": 0.0009462985326536, "1": -0.000609123962931335, "2": -0.00020389247220009565, "3": 0.0014505386352539062, "4": 0.00046636053593829274, "5": -0.00021029457275290042, "6": 0.00016476688324473798, "7": 0.0009462755406275392, "8": 0.0005042515695095062, "9": -0.00046636053593829274, "10": 0.00017116898379754275, "11": -0.0005042474367655814, "12": -0.00020389247220009565, "13": -0.00016476688324473798}, "voltage": -8}