{"row": {"0": 0, "1": 4, "2": 0, "3": 2, "4": 5, "5": 1, "6": 2, "7": 0, "8": 4, "9": 5, "10": 6, "11": 3}, "col": {"0": 1, "1": 0, "2": 7, "3": 1, "4": 1, "5": 6, "6": 3, "7": 3, "8": 1, "9": 2, "10": 3, "11": 7}, "components": {"0": "d", "1": "d", "2": "r", "3": "d", "4": "r", "5": "r", "6": "r", "7": "v", "8": "r", "9": "r", "10": "d", "11": "r"}, "resistances": {"0": NaN, "1": NaN, "2": 3500.0, "3": NaN, "4": 8700.0, "5": 2000.0, "6": 5400.0, "7": NaN, "8": 3000.0, "9": 4500.0, "10": NaN, "11": 4600.0}, "edge_voltage": {"0": -0.7186166644096375, "1": 0.7185602188110352, "2": -16.419754028320312, "3": 26.457683384418488, "4": 17.43801862001419, "5": -36.568149387836456, "6": -10.823699951171875, "7": -38.0, "8": -5.644559860229492e-05, "9": -9.019664764404297, "10": -0.7132339477539062, "11": 21.580245971679688}, "edge_current": {"0": 0.02028844878077507, "1": -1.862645149230957e-08, "2": 0.0046913581900298595, "3": -2.9802322387695312e-08, "4": -0.002004370093345642, "5": 0.01828407309949398, "6": 0.0020043887197971344, "7": -0.024979721754789352, "8": 1.88007014401137e-08, "9": 0.002004370093345642, "10": 0.018283914774656296, "11": -0.0046913581900298595}, "voltage": 38}