{"row": {"0": 1, "1": 4, "2": 0, "3": 1, "4": 9, "5": 2, "6": 6, "7": 0, "8": 3, "9": 8, "10": 4, "11": 2, "12": 4, "13": 7, "14": 1, "15": 4}, "col": {"0": 0, "1": 0, "2": 7, "3": 2, "4": 1, "5": 3, "6": 2, "7": 3, "8": 5, "9": 3, "10": 1, "11": 5, "12": 6, "13": 2, "14": 8, "15": 9}, "components": {"0": "v", "1": "r", "2": "d", "3": "r", "4": "r", "5": "r", "6": "r", "7": "r", "8": "r", "9": "r", "10": "r", "11": "r", "12": "r", "13": "r", "14": "r", "15": "d"}, "resistances": {"0": NaN, "1": 4600.0, "2": NaN, "3": 800.0, "4": 6400.0, "5": 5600.0, "6": 800.0, "7": 1700.0, "8": 4600.0, "9": 10000.0, "10": 8700.0, "11": 7800.0, "12": 7500.0, "13": 7900.0, "14": 1400.0, "15": NaN}, "edge_voltage": {"0": -45.0, "1": -21.662708282470703, "2": 38.48507308959961, "3": -6.514774322509766, "4": 9.918212890625e-05, "5": -23.596638679504395, "6": 1.6214485168457031, "7": 14.88858699798584, "8": 8.75359058380127, "9": -26.413521766662598, "10": 23.337291717529297, "11": -14.843048095703125, "12": 15.201068878173828, "13": 0.000152587890625, "14": -3.6978912353515625, "15": 23.33719253540039}, "edge_current": {"0": -0.013467283919453621, "1": 0.004709284286946058, "2": 0.0, "3": 0.008143468759953976, "4": -1.5662502406144085e-08, "5": 0.0042136856354773045, "6": -0.0020268093794584274, "7": -0.008757992647588253, "8": -0.001902954769320786, "9": 0.0026413521263748407, "10": -0.0026824474334716797, "11": 0.001902954769320786, "12": -0.0020268093794584274, "13": -1.9021642927441462e-08, "14": 0.0026413521263748407, "15": -2.9802322387695312e-08}, "voltage": 45}