{"row": {"0": 1, "1": 0, "2": 1, "3": 1, "4": 2, "5": 2, "6": 2, "7": 3, "8": 3, "9": 4, "10": 6, "11": 3, "12": 9, "13": 6, "14": 7, "15": 8, "16": 9, "17": 10}, "col": {"0": 0, "1": 7, "2": 2, "3": 4, "4": 3, "5": 5, "6": 8, "7": 0, "8": 10, "9": 0, "10": 4, "11": 5, "12": 5, "13": 2, "14": 3, "15": 4, "16": 1, "17": 4}, "components": {"0": "r", "1": "r", "2": "r", "3": "r", "4": "r", "5": "r", "6": "r", "7": "r", "8": "r", "9": "v", "10": "r", "11": "r", "12": "r", "13": "r", "14": "r", "15": "d", "16": "r", "17": "r"}, "resistances": {"0": 6300.0, "1": 5300.0, "2": 3100.0, "3": 2400.0, "4": 5300.0, "5": 3500.0, "6": 6800.0, "7": 9800.0, "8": 4800.0, "9": NaN, "10": 7200.0, "11": 7400.0, "12": 500.0, "13": 500.0, "14": 900.0, "15": NaN, "16": 6900.0, "17": 1200.0}, "edge_voltage": {"0": -25.31372833251953, "1": 15.686567306518555, "2": -0.5250816345214844, "3": 10.686271667480469, "4": -6.438322067260742, "5": -1.4372444152832031, "6": 0.00012969970703125, "7": -18.350324630737305, "8": 14.119741439819336, "9": -36.0, "10": 10.483343124389648, "11": 5.001077651977539, "12": -0.13258934020996094, "13": -0.7280101776123047, "14": 2.66375732421875, "15": 11.211223602294922, "16": 1.8297367095947266, "17": 3.5299339294433594}, "edge_current": {"0": 0.004018052481114864, "1": -0.002959729637950659, "2": 0.00016938115004450083, "3": -0.004452612716704607, "4": 0.0012147779343649745, "5": 0.0004106417763978243, "6": -1.881121036717559e-08, "7": 0.0018724821275100112, "8": -0.002941612619906664, "9": -0.008850316517055035, "10": -0.0014560198178514838, "11": -0.0006758212111890316, "12": 0.0002651794347912073, "13": 0.0014560198178514838, "14": -0.002959729637950659, "15": 5.960464477539063e-08, "16": -0.0002651794347912073, "17": -0.002941612619906664}, "voltage": 36}