{"row": {"0": 0, "1": 4, "2": 11, "3": 2, "4": 6, "5": 10, "6": 3, "7": 8, "8": 3, "9": 3, "10": 3, "11": 3, "12": 4, "13": 1, "14": 6, "15": 7, "16": 8, "17": 7, "18": 10, "19": 9}, "col": {"0": 1, "1": 0, "2": 0, "3": 1, "4": 1, "5": 1, "6": 2, "7": 2, "8": 0, "9": 5, "10": 7, "11": 9, "12": 2, "13": 5, "14": 2, "15": 1, "16": 5, "17": 9, "18": 3, "19": 11}, "components": {"0": "r", "1": "r", "2": "d", "3": "d", "4": "r", "5": "r", "6": "r", "7": "r", "8": "r", "9": "r", "10": "d", "11": "r", "12": "d", "13": "r", "14": "r", "15": "d", "16": "r", "17": "r", "18": "d", "19": "v"}, "resistances": {"0": 9100.0, "1": 9200.0, "2": NaN, "3": NaN, "4": 6500.0, "5": 2700.0, "6": 7500.0, "7": 9300.0, "8": 1800.0, "9": 1100.0, "10": NaN, "11": 7700.0, "12": NaN, "13": 5100.0, "14": 6700.0, "15": NaN, "16": 9900.0, "17": 400.0, "18": NaN, "19": NaN}, "edge_voltage": {"0": 1.9869175957865082e-05, "1": -8.512861171539043e-08, "2": 30.999826431274414, "3": -6.735868737450801e-06, "4": -3.3169053494930267e-06, "5": -9.875293471850455e-09, "6": -3.339029717608355e-06, "7": -7.177077350206673e-07, "8": -2.9944074412924238e-05, "9": -1.8573118722997606e-06, "10": 0.00014412043492484372, "11": 0.00014416733574762475, "12": 2.6519916083600492e-05, "13": 8.217586582759395e-06, "14": 3.418963387957774e-06, "15": -0.00015419533337990288, "16": 7.640101102879271e-07, "17": 4.6900822781026363e-08, "18": 1.0065023161587305e-05, "19": -31.000000542684575}, "edge_current": {"0": -2.183425884538792e-09, "1": 9.253110430651468e-12, "2": 2.384185791015625e-07, "3": 2.0463630789890885e-12, "4": 5.102930300537878e-10, "5": 3.657544753177255e-12, "6": 4.452039292779375e-10, "7": 7.717285144259733e-11, "8": 1.663559601183806e-08, "9": 1.688464368321263e-09, "10": -5.093170329928398e-11, "11": -1.8723030237310923e-08, "12": -1.000444171950221e-11, "13": -1.6112915446342413e-09, "14": -5.102930300537878e-10, "15": 5.4569682106375694e-11, "16": -7.717285144259733e-11, "17": -1.1722577075712337e-10, "18": -4.320099833421409e-12, "19": 2.384185791015625e-07}, "voltage": 31}