{"row": {"0": 0, "1": 0, "2": 2, "3": 5, "4": 1, "5": 1, "6": 3, "7": 2, "8": 0, "9": 6, "10": 4, "11": 0, "12": 5, "13": 6, "14": 9, "15": 7, "16": 6, "17": 9, "18": 10, "19": 5}, "col": {"0": 1, "1": 4, "2": 1, "3": 1, "4": 10, "5": 11, "6": 2, "7": 7, "8": 3, "9": 3, "10": 1, "11": 5, "12": 8, "13": 1, "14": 6, "15": 1, "16": 8, "17": 1, "18": 4, "19": 11}, "components": {"0": "r", "1": "d", "2": "r", "3": "r", "4": "d", "5": "d", "6": "r", "7": "d", "8": "r", "9": "r", "10": "d", "11": "v", "12": "r", "13": "r", "14": "d", "15": "r", "16": "r", "17": "r", "18": "r", "19": "r"}, "resistances": {"0": 7600.0, "1": NaN, "2": 800.0, "3": 4800.0, "4": NaN, "5": NaN, "6": 10000.0, "7": NaN, "8": 8800.0, "9": 8900.0, "10": NaN, "11": NaN, "12": 3400.0, "13": 2300.0, "14": NaN, "15": 5100.0, "16": 8200.0, "17": 300.0, "18": 9300.0, "19": 8900.0}, "edge_voltage": {"0": -1.4247900247573853, "1": -0.7123950719833374, "2": 0.001103520393371582, "3": 45.575209975242615, "4": 0.7122201323509216, "5": -0.6466590166091919, "6": 0.02348780632019043, "7": 0.001840829849243164, "8": -1.4493813514709473, "9": 1.4867558479309082, "10": -0.7123949527740479, "11": -47.0, "12": 12.915267944335938, "13": 1.5113471746444702, "14": -0.6192939281463623, "15": -0.000737309455871582, "16": -31.148594856262207, "17": 0.8920532464981079, "18": 0.0001748204231262207, "19": 44.92855095863342}, "edge_current": {"0": 0.00018747238209471107, "1": 0.01796722412109375, "2": -1.3794059441352147e-06, "3": -0.009494835510849953, "4": 0.0, "5": 0.005046844482421875, "6": -2.348777115912526e-06, "7": 0.0, "8": 0.00016470241826027632, "9": -0.00016707650502212346, "10": 0.01798248291015625, "11": -0.018341640010476112, "12": -0.0037986089009791613, "13": -0.0006571073899976909, "14": 0.003002166748046875, "15": 1.4456699659604055e-07, "16": 0.0037986089009791613, "17": -0.0029735108837485313, "18": -1.88006925583295e-08, "19": -0.005048151593655348}, "voltage": 47}