{"row": {"0": 0, "1": 0, "2": 8, "3": 11, "4": 2, "5": 5, "6": 2, "7": 4, "8": 2, "9": 9, "10": 0, "11": 3, "12": 1, "13": 5, "14": 0, "15": 7, "16": 2, "17": 9, "18": 10, "19": 11}, "col": {"0": 1, "1": 7, "2": 0, "3": 0, "4": 1, "5": 1, "6": 3, "7": 2, "8": 6, "9": 2, "10": 3, "11": 10, "12": 4, "13": 0, "14": 6, "15": 5, "16": 8, "17": 5, "18": 2, "19": 7}, "components": {"0": "r", "1": "r", "2": "r", "3": "d", "4": "r", "5": "r", "6": "d", "7": "r", "8": "r", "9": "r", "10": "r", "11": "r", "12": "r", "13": "d", "14": "r", "15": "r", "16": "r", "17": "d", "18": "v", "19": "r"}, "resistances": {"0": 5500.0, "1": 1200.0, "2": 3500.0, "3": NaN, "4": 5500.0, "5": 5800.0, "6": NaN, "7": 8500.0, "8": 4700.0, "9": 4200.0, "10": 800.0, "11": 5500.0, "12": 6000.0, "13": NaN, "14": 8700.0, "15": 4900.0, "16": 6000.0, "17": NaN, "18": NaN, "19": 7000.0}, "edge_voltage": {"0": -2.141763210296631, "1": -0.21595580875873566, "2": 1.6255549192428589, "3": 0.21582624316215515, "4": 2.2704572677612305, "5": -1.0438971519470215, "6": 5.50271213054657, "7": -1.3309576511383057, "8": 1.547569751739502, "9": -8.678436279296875e-05, "10": 1.0904916524887085, "11": 7.497287392616272, "12": -0.9394996166229248, "13": 1.0978660583496094, "14": -2.8646507263183594, "15": -0.8819102495908737, "16": 2.7866655588150024, "17": 3.314267635345459, "18": -12.999999523162842, "19": -0.00012956559658050537}, "edge_current": {"0": 0.00038941146340221167, "1": 0.00017996317183133215, "2": -0.0004644442815333605, "3": -1.862645149230957e-08, "4": -0.0004128104483243078, "5": 0.00017998224939219654, "6": -1.4901161193847656e-08, "7": 0.00015658327902201563, "8": -0.0003292702022008598, "9": 2.0677120460277365e-08, "10": -0.0013631145702674985, "11": -0.001363143208436668, "12": 0.00015658327902201563, "13": -1.4901161193847656e-08, "14": 0.0003292702022008598, "15": 0.00017998168186750263, "16": -0.0004644442815333605, "17": -2.9802322387695312e-08, "18": -0.0013631395995616913, "19": 1.851034525657269e-08}, "voltage": 13}