{"row": {"0": 1, "1": 0, "2": 2, "3": 1, "4": 2, "5": 2, "6": 2, "7": 0, "8": 7, "9": 4, "10": 5, "11": 6, "12": 1, "13": 4}, "col": {"0": 0, "1": 5, "2": 1, "3": 4, "4": 3, "5": 6, "6": 8, "7": 3, "8": 3, "9": 2, "10": 3, "11": 1, "12": 7, "13": 8}, "components": {"0": "r", "1": "r", "2": "r", "3": "d", "4": "d", "5": "r", "6": "r", "7": "r", "8": "r", "9": "r", "10": "r", "11": "r", "12": "v", "13": "d"}, "resistances": {"0": 3900.0, "1": 3200.0, "2": 9400.0, "3": NaN, "4": NaN, "5": 5800.0, "6": 3200.0, "7": 4600.0, "8": 1500.0, "9": 7300.0, "10": 5600.0, "11": 2200.0, "12": NaN, "13": NaN}, "edge_voltage": {"0": 0.9262436032295227, "1": 0.26089993119239807, "2": -7.933378219604492e-05, "3": 8.094310760498047e-05, "4": 1.643639087677002, "5": -5.751848220825195e-05, "6": 1.7881393432617188e-06, "7": 0.7174748182296753, "8": -0.3562816381454468, "9": -1.6093254089355469e-06, "10": 0.4565748870372772, "11": -2.181529998779297e-05, "12": 2.0000000596046448, "13": 1.7881393432617188e-07}, "edge_current": {"0": -0.00023749835963826627, "1": -8.153123053489253e-05, "2": 8.442178511813836e-09, "3": -3.3719516068231314e-09, "4": -2.2351741790771484e-08, "5": 9.919560284288309e-09, "6": -5.541489489502283e-10, "7": -0.00015597278252243996, "8": 0.00023752106062602252, "9": 2.1379788217590345e-10, "10": -8.153123053489253e-05, "11": 9.919560284288309e-09, "12": 0.00023752078413963318, "13": 1.0052403354166017e-10}, "voltage": -2}