{"row": {"0": 1, "1": 0, "2": 1, "3": 1, "4": 2, "5": 0, "6": 5, "7": 8, "8": 3, "9": 3, "10": 2, "11": 4, "12": 2, "13": 2, "14": 7, "15": 8, "16": 9, "17": 7}, "col": {"0": 0, "1": 4, "2": 2, "3": 6, "4": 3, "5": 3, "6": 3, "7": 3, "8": 9, "9": 10, "10": 4, "11": 7, "12": 5, "13": 6, "14": 3, "15": 1, "16": 7, "17": 10}, "components": {"0": "r", "1": "r", "2": "r", "3": "d", "4": "d", "5": "d", "6": "d", "7": "r", "8": "r", "9": "r", "10": "r", "11": "r", "12": "r", "13": "r", "14": "v", "15": "r", "16": "r", "17": "r"}, "resistances": {"0": 8000.0, "1": 400.0, "2": 4100.0, "3": NaN, "4": NaN, "5": NaN, "6": NaN, "7": 9200.0, "8": 2600.0, "9": 8400.0, "10": 2100.0, "11": 700.0, "12": 1800.0, "13": 9000.0, "14": NaN, "15": 5300.0, "16": 4400.0, "17": 1500.0}, "edge_voltage": {"0": -1.0284318923950195, "1": -0.051428768783807755, "2": -0.6699916124343872, "3": -0.38443952798843384, "4": 5.363507390022278, "5": 5.72194766998291, "6": 5.363473534584045, "7": 2.977954864501953, "8": -2.2285711765289307, "9": -5.090908885002136, "10": -0.4098690487444401, "11": -0.22662335261702538, "12": 3.3855438232421875e-05, "13": 0.28555208444595337, "14": 5.999999791383743, "15": -1.7155609130859375, "16": -3.7714286148548126, "17": 0.9090909063816071}, "edge_current": {"0": 0.00012855397653765976, "1": 0.00012857191904913634, "2": 0.00016341258015017956, "3": 3.1727366149425507e-05, "4": -1.4901161193847656e-08, "5": -2.9802322387695312e-08, "6": -1.4901161193847656e-08, "7": -0.0003236907650716603, "8": 0.0008571428479626775, "9": 0.000606060610152781, "10": 0.00019517572945915163, "11": 0.0003237476630602032, "12": -1.8805362600460285e-08, "13": -3.172801007167436e-05, "14": 0.0017869846196845174, "15": 0.0003236907650716603, "16": 0.0008571428479626775, "17": -0.000606060610152781}, "voltage": -6}