{"row": {"0": 0, "1": 0, "2": 1, "3": 6, "4": 3, "5": 5, "6": 2, "7": 0, "8": 4, "9": 3, "10": 7, "11": 6, "12": 6, "13": 2, "14": 0, "15": 6}, "col": {"0": 1, "1": 4, "2": 2, "3": 1, "4": 2, "5": 2, "6": 9, "7": 3, "8": 1, "9": 5, "10": 5, "11": 0, "12": 8, "13": 7, "14": 8, "15": 9}, "components": {"0": "r", "1": "r", "2": "r", "3": "r", "4": "r", "5": "d", "6": "r", "7": "r", "8": "r", "9": "r", "10": "d", "11": "r", "12": "r", "13": "r", "14": "r", "15": "v"}, "resistances": {"0": 9600.0, "1": 7800.0, "2": 9000.0, "3": 4200.0, "4": 4000.0, "5": NaN, "6": 9900.0, "7": 9200.0, "8": 1100.0, "9": 4300.0, "10": NaN, "11": 800.0, "12": 4000.0, "13": 6600.0, "14": 4900.0, "15": NaN}, "edge_voltage": {"0": 0.058856282383203506, "1": 0.051581911742687225, "2": 0.30419593676924706, "3": 0.08843359537422657, "4": 0.10959956049919128, "5": 0.10895752906799316, "6": 0.6073704659938812, "7": 0.2534526586532593, "8": 0.007274370640516281, "9": 0.0006420314311981201, "10": -0.10807913541793823, "11": 0.029577312991023064, "12": 0.013293175026774406, "13": -0.0008783936500549316, "14": -0.016284137964248657, "15": 0.9999999981373549}, "edge_current": {"0": -6.1308628573897295e-06, "1": -6.613065579585964e-06, "2": -3.3799547964008525e-05, "3": -2.105561907228548e-05, "4": -2.739989031397272e-05, "5": -1.6298145055770874e-08, "6": -6.135055446065962e-05, "7": -2.7549200240173377e-05, "8": -6.613065579585964e-06, "9": -1.493110630690353e-07, "10": 1.3248063623905182e-07, "11": -3.697163992910646e-05, "12": -3.3232936402782798e-06, "13": 1.3308967083958123e-07, "14": 3.3232936402782798e-06, "15": 6.135000148788095e-05}, "voltage": -1}