{"row": {"0": 0, "1": 0, "2": 0, "3": 1, "4": 5, "5": 3, "6": 4, "7": 2, "8": 9, "9": 3, "10": 1, "11": 3, "12": 10, "13": 4, "14": 7, "15": 8, "16": 1, "17": 7}, "col": {"0": 1, "1": 6, "2": 8, "3": 2, "4": 1, "5": 2, "6": 2, "7": 7, "8": 2, "9": 0, "10": 4, "11": 5, "12": 5, "13": 6, "14": 5, "15": 4, "16": 9, "17": 10}, "components": {"0": "r", "1": "r", "2": "r", "3": "r", "4": "r", "5": "r", "6": "r", "7": "r", "8": "r", "9": "r", "10": "d", "11": "d", "12": "r", "13": "v", "14": "r", "15": "r", "16": "d", "17": "r"}, "resistances": {"0": 8700.0, "1": 3700.0, "2": 3600.0, "3": 3000.0, "4": 8300.0, "5": 1400.0, "6": 6000.0, "7": 2500.0, "8": 5500.0, "9": 9900.0, "10": NaN, "11": NaN, "12": 3600.0, "13": NaN, "14": 1500.0, "15": 9700.0, "16": NaN, "17": 9800.0}, "edge_voltage": {"0": 1.1840842962265015, "1": -1.8694500923156738, "2": 0.8473668694496155, "3": 0.3273773193359375, "4": -0.22362053394317627, "5": 0.18724489212036133, "6": -1.6190882921218872, "7": -0.06739211082458496, "8": 0.0001043081283569336, "9": -1.3242167234420776, "10": 1.9464656114578247, "11": 0.0834881067276001, "12": -0.009769678115844727, "13": -5.0, "14": -0.03636467456817627, "15": 2.2831830382347107, "16": 0.32727301120758057, "17": -0.026594996452331543}, "edge_current": {"0": -0.00013610164751298726, "1": 0.0005052568158134818, "2": -0.00023537968809250742, "3": -0.00010912619472946972, "4": 2.6942485419567674e-05, "5": -0.0001337458088528365, "6": 0.0002698478347156197, "7": 2.6956644433084875e-05, "8": -1.9189155153753745e-08, "9": 0.0001337592548225075, "10": 0.0, "11": -1.525040715932846e-08, "12": 2.713756202865625e-06, "13": -0.0005052387714385986, "14": 2.4242890503956005e-05, "15": -0.00023537968809250742, "16": -3.725290298461914e-08, "17": 2.713756202865625e-06}, "voltage": 5}