{"row": {"0": 1, "1": 4, "2": 7, "3": 1, "4": 1, "5": 1, "6": 2, "7": 3, "8": 1, "9": 2, "10": 6, "11": 7}, "col": {"0": 0, "1": 0, "2": 0, "3": 2, "4": 5, "5": 6, "6": 3, "7": 0, "8": 4, "9": 5, "10": 3, "11": 3}, "components": {"0": "r", "1": "r", "2": "r", "3": "r", "4": "r", "5": "d", "6": "r", "7": "d", "8": "r", "9": "v", "10": "d", "11": "r"}, "resistances": {"0": 9700.0, "1": 2400.0, "2": 10000.0, "3": 3000.0, "4": 2900.0, "5": NaN, "6": 3500.0, "7": NaN, "8": 4500.0, "9": NaN, "10": NaN, "11": 4700.0}, "edge_voltage": {"0": 2.266740560531616, "1": 0.7884314656257629, "2": -0.3603339195251465, "3": 4.76418924331665, "4": -6.2358105182647705, "5": 1.3982157111167908, "6": -1.9677578210830688, "7": -0.5296908617019653, "8": 1.4783090949058533, "9": -10.999999761581421, "10": 1.3982157111167908, "11": 0.16935694217681885}, "edge_current": {"0": -0.00023368459369521588, "1": -0.00032851312425918877, "2": 3.603339064284228e-05, "3": -0.0015880630817264318, "4": 0.0021502794697880745, "5": -1.6763806343078613e-08, "6": 0.0005622165044769645, "7": 0.0005261674523353577, "8": -0.00032851312425918877, "9": -0.0021502794697880745, "10": -1.862645149230957e-08, "11": -3.603339064284228e-05}, "voltage": 11}