{"row": {"0": 1, "1": 2, "2": 3, "3": 2, "4": 0, "5": 5, "6": 6, "7": 4, "8": 5, "9": 5, "10": 0, "11": 7}, "col": {"0": 0, "1": 1, "2": 2, "3": 4, "4": 3, "5": 3, "6": 3, "7": 1, "8": 2, "9": 7, "10": 6, "11": 4}, "components": {"0": "r", "1": "r", "2": "r", "3": "r", "4": "r", "5": "r", "6": "d", "7": "r", "8": "r", "9": "v", "10": "r", "11": "r"}, "resistances": {"0": 6100.0, "1": 5200.0, "2": 4200.0, "3": 4700.0, "4": 1100.0, "5": 800.0, "6": NaN, "7": 300.0, "8": 5200.0, "9": NaN, "10": 1300.0, "11": 2200.0}, "edge_voltage": {"0": 11.732328414916992, "1": -7.508738994598389, "2": -6.339232444763184, "3": -8.518935680389404, "4": 2.11564302444458, "5": -2.7461390495300293, "6": 2.1156203856335196, "7": 1.0101966857910156, "8": -9.085371494293213, "9": -29.0, "10": 2.2638811060460284e-05, "11": 11.395692825317383}, "edge_current": {"0": -0.00192333257291466, "1": 0.0014439882943406701, "2": 0.0015093410620465875, "3": 0.001812539529055357, "4": -0.0019233119674026966, "5": 0.0034326736349612474, "6": -7.450580596923828e-09, "7": -0.00336732086725533, "8": 0.0017471867613494396, "9": -0.005179860629141331, "10": -1.741446986613937e-08, "11": -0.005179860629141331}, "voltage": 29}