{"row": {"0": 0, "1": 1, "2": 3, "3": 2, "4": 6, "5": 7, "6": 3, "7": 5, "8": 10, "9": 4, "10": 4, "11": 5, "12": 6, "13": 6, "14": 7, "15": 8, "16": 2, "17": 4}, "col": {"0": 1, "1": 2, "2": 2, "3": 4, "4": 2, "5": 2, "6": 0, "7": 3, "8": 3, "9": 0, "10": 8, "11": 2, "12": 4, "13": 9, "14": 5, "15": 3, "16": 9, "17": 10}, "components": {"0": "r", "1": "r", "2": "r", "3": "r", "4": "r", "5": "r", "6": "r", "7": "r", "8": "r", "9": "r", "10": "d", "11": "r", "12": "v", "13": "r", "14": "r", "15": "r", "16": "r", "17": "r"}, "resistances": {"0": 3500.0, "1": 2800.0, "2": 1400.0, "3": 7800.0, "4": 3200.0, "5": 2500.0, "6": 300.0, "7": 2400.0, "8": 9400.0, "9": 5600.0, "10": NaN, "11": 9000.0, "12": NaN, "13": 8700.0, "14": 600.0, "15": 4600.0, "16": 7400.0, "17": 3800.0}, "edge_voltage": {"0": 1.0722341537475586, "1": 0.8577873706817627, "2": 1.6415469944477081, "3": -9.03048062324524, "4": -7.969519376754761, "5": 0.6486618518829346, "6": -0.28847452998161316, "7": -0.8372062742710114, "8": 5.261816471815109, "9": 7.100459098815918, "10": 7.38884162902832, "11": 0.8043407201766968, "12": -17.0, "13": -4.3065104484558105, "14": -0.1556788682937622, "15": 9.199976921081543e-05, "16": 3.66300892829895, "17": 2.127117156982422}, "edge_current": {"0": -0.0003063526237383485, "1": -0.0003063526237383485, "2": -0.0011725336080417037, "3": 0.0011577538680285215, "4": 0.0024904748424887657, "5": -0.00025946475216187537, "6": 0.0009615818271413445, "7": 0.00034883595071733, "8": -0.0005597677081823349, "9": -0.0012679391074925661, "10": -1.4901161193847656e-08, "11": -8.9371191279497e-05, "12": -0.0029854760505259037, "13": 0.000495001208037138, "14": 0.00025946475216187537, "15": -1.999967835786265e-08, "16": -0.000495001208037138, "17": -0.0005597677081823349}, "voltage": 17}