{"row": {"0": 0, "1": 8, "2": 1, "3": 1, "4": 1, "5": 2, "6": 6, "7": 0, "8": 0, "9": 10, "10": 5, "11": 5, "12": 6, "13": 9, "14": 3, "15": 4, "16": 9, "17": 1}, "col": {"0": 1, "1": 0, "2": 2, "3": 4, "4": 5, "5": 3, "6": 2, "7": 3, "8": 4, "9": 4, "10": 2, "11": 7, "12": 0, "13": 6, "14": 7, "15": 8, "16": 0, "17": 10}, "components": {"0": "r", "1": "v", "2": "r", "3": "r", "4": "r", "5": "d", "6": "r", "7": "r", "8": "r", "9": "r", "10": "r", "11": "r", "12": "r", "13": "r", "14": "r", "15": "r", "16": "r", "17": "r"}, "resistances": {"0": 700.0, "1": NaN, "2": 3200.0, "3": 9400.0, "4": 9300.0, "5": NaN, "6": 7200.0, "7": 5900.0, "8": 6300.0, "9": 8600.0, "10": 7400.0, "11": 8500.0, "12": 1700.0, "13": 4700.0, "14": 6200.0, "15": 5600.0, "16": 9800.0, "17": 4600.0}, "edge_voltage": {"0": 1.710329294204712, "1": -46.0, "2": -0.5866144895553589, "3": 14.703059911727905, "4": -0.4778240919113159, "5": -0.4303693175315857, "6": 0.9276671707630157, "7": 0.6933454871177673, "8": 16.413389205932617, "9": 9.579266548156738, "10": -0.10879039764404297, "11": -0.31175899505615234, "12": -0.19604763388633728, "13": 0.06354647874832153, "14": 0.22740072011947632, "15": 29.586610794067383, "16": -0.13250115513801575, "17": 5.123793363571167}, "edge_current": {"0": -0.0024433275684714317, "1": -0.005283323582261801, "2": 0.00018331700994167477, "3": -0.0015641553327441216, "4": 5.1378934585954994e-05, "5": 6.866455078125e-05, "6": -0.00012884267198387533, "7": -0.00011751618148991838, "8": -0.0026052999310195446, "9": -0.0011138682020828128, "10": 1.4701400687044952e-05, "11": 3.6677531170425937e-05, "12": 0.00011532213829923421, "13": -1.3520526408683509e-05, "14": -3.6677531170425937e-05, "15": -0.005283323582261801, "16": 1.3520526408683509e-05, "17": -0.0011138682020828128}, "voltage": 46}