{"row": {"0": 1, "1": 0, "2": 0, "3": 1, "4": 6, "5": 2, "6": 2, "7": 3, "8": 5, "9": 3, "10": 1, "11": 5, "12": 6, "13": 9, "14": 7, "15": 7, "16": 2, "17": 9, "18": 6, "19": 8}, "col": {"0": 0, "1": 4, "2": 8, "3": 2, "4": 1, "5": 3, "6": 10, "7": 0, "8": 3, "9": 7, "10": 4, "11": 2, "12": 0, "13": 6, "14": 1, "15": 11, "16": 8, "17": 2, "18": 10, "19": 11}, "components": {"0": "r", "1": "r", "2": "d", "3": "r", "4": "v", "5": "r", "6": "r", "7": "d", "8": "r", "9": "r", "10": "r", "11": "r", "12": "r", "13": "r", "14": "r", "15": "r", "16": "r", "17": "d", "18": "r", "19": "r"}, "resistances": {"0": 2500.0, "1": 4000.0, "2": NaN, "3": 7100.0, "4": NaN, "5": 2000.0, "6": 4700.0, "7": NaN, "8": 3600.0, "9": 7200.0, "10": 3100.0, "11": 4900.0, "12": 8800.0, "13": 7600.0, "14": 7200.0, "15": 4200.0, "16": 6700.0, "17": NaN, "18": 6900.0, "19": 4100.0}, "edge_voltage": {"0": -0.5214898586273193, "1": 0.293797105550766, "2": -0.15803048014640808, "3": -0.8456701338291168, "4": 3.0, "5": 0.0677417516708374, "6": -0.8728750646114349, "7": 0.2564385235309601, "8": 0.028690636157989502, "9": 0.3010648600757122, "10": -0.22769275307655334, "11": -0.0390511155128479, "12": 2.4785101413726807, "13": -0.00013518333435058594, "14": 0.4768635220825672, "15": -0.1025492325425148, "16": 0.1661497950553894, "17": 2.1541946828365326, "18": 1.2814548015594482, "19": 0.1001075841486454}, "edge_current": {"0": 0.00020859595679212362, "1": -7.344927871599793e-05, "2": 3.7997961044311523e-07, "3": 0.00011910847388207912, "4": 0.0004673847579397261, "5": -3.387087781447917e-05, "6": 0.00018571809050627053, "7": -2.421438694000244e-08, "8": -7.969618309289217e-06, "9": -4.181456461083144e-05, "10": 7.344927871599793e-05, "11": 7.969618309289217e-06, "12": -0.0002816488849930465, "13": 1.7783536421234203e-08, "14": -6.623104854952544e-05, "15": 2.4416483938694e-05, "16": -2.479847717040684e-05, "17": -2.9802322387695312e-08, "18": -0.00018571809050627053, "19": -2.4416483938694e-05}, "voltage": -3}