{"row": {"0": 0, "1": 1, "2": 3, "3": 2, "4": 3, "5": 5, "6": 6, "7": 1, "8": 2, "9": 5, "10": 0, "11": 4}, "col": {"0": 1, "1": 2, "2": 2, "3": 4, "4": 0, "5": 3, "6": 3, "7": 4, "8": 5, "9": 7, "10": 6, "11": 7}, "components": {"0": "v", "1": "r", "2": "r", "3": "r", "4": "r", "5": "r", "6": "r", "7": "r", "8": "r", "9": "r", "10": "r", "11": "r"}, "resistances": {"0": NaN, "1": 4300.0, "2": 1400.0, "3": 1700.0, "4": 9400.0, "5": 200.0, "6": 300.0, "7": 600.0, "8": 6300.0, "9": 7800.0, "10": 1300.0, "11": 4800.0}, "edge_voltage": {"0": 1.0, "1": -0.36190640926361084, "2": 0.2676502764225006, "3": 0.24984341859817505, "4": -0.37044331431388855, "5": -0.015951424837112427, "6": 0.06945812702178955, "7": -0.11206299066543579, "8": -0.2516988515853882, "9": 0.3104785680770874, "10": 0.300985187292099, "11": -0.19106370210647583}, "edge_current": {"0": 0.0002709359396249056, "1": 8.416427590418607e-05, "2": -0.00019117878400720656, "3": -0.0001469667040510103, "4": 3.9408863813150674e-05, "5": 7.97571410657838e-05, "6": -0.0002315270685357973, "7": 0.0001867716491688043, "8": 3.9952203223947436e-05, "9": -3.980494147981517e-05, "10": -0.0002315270685357973, "11": 3.980494147981517e-05}, "voltage": -1}