{"row": {"0": 0, "1": 0, "2": 2, "3": 5, "4": 1, "5": 1, "6": 3, "7": 2, "8": 3, "9": 6, "10": 1, "11": 5, "12": 5, "13": 6, "14": 9, "15": 1, "16": 6, "17": 9, "18": 4, "19": 5}, "col": {"0": 1, "1": 4, "2": 1, "3": 1, "4": 10, "5": 11, "6": 2, "7": 7, "8": 0, "9": 3, "10": 4, "11": 0, "12": 8, "13": 1, "14": 6, "15": 7, "16": 8, "17": 1, "18": 10, "19": 11}, "components": {"0": "r", "1": "d", "2": "r", "3": "r", "4": "r", "5": "r", "6": "r", "7": "d", "8": "d", "9": "r", "10": "r", "11": "r", "12": "r", "13": "r", "14": "r", "15": "r", "16": "v", "17": "r", "18": "r", "19": "r"}, "resistances": {"0": 5500.0, "1": NaN, "2": 6200.0, "3": 8900.0, "4": 600.0, "5": 4800.0, "6": 1100.0, "7": NaN, "8": NaN, "9": 7300.0, "10": 6500.0, "11": 6300.0, "12": 9800.0, "13": 7600.0, "14": 600.0, "15": 4500.0, "16": NaN, "17": 3000.0, "18": 9100.0, "19": 3500.0}, "edge_voltage": {"0": 0.323635995388031, "1": 0.3235626518726349, "2": -0.09080928564071655, "3": 1.1830195188522339, "4": -4.559755325317383e-06, "5": -0.6841558814048767, "6": -0.016208499670028687, "7": -0.09040766954421997, "8": -0.43065378069877625, "9": -0.6736749708652496, "10": -7.334351539611816e-05, "11": 0.8593835234642029, "12": -4.036287844181061, "13": -0.7806927561759949, "14": 0.13011538982391357, "15": 0.00040161609649658203, "16": -6.0000001192092896, "17": -0.6505773663520813, "18": 6.878376007080078e-05, "19": 0.4988636374473572}, "edge_current": {"0": -5.884290294488892e-05, "1": -1.909211277961731e-08, "2": 1.464666365791345e-05, "3": -0.0001329235383309424, "4": 7.560203130196896e-09, "5": 0.00014253247354645282, "6": 1.4734981050423812e-05, "7": 8.789356797933578e-08, "8": 7.754936814308167e-05, "9": 9.228424460161477e-05, "10": 1.128214854873022e-08, "11": -0.00013641008990816772, "12": 0.0004118660872336477, "13": 0.00010272274084854871, "14": -0.00021685910178348422, "15": -8.924770611429267e-08, "16": -0.0004118660872336477, "17": 0.00021685910178348422, "18": -7.560203130196896e-09, "19": -0.00014253247354645282}, "voltage": 6}