{"row": {"0": 0, "1": 1, "2": 1, "3": 1, "4": 2, "5": 3, "6": 5, "7": 3, "8": 4, "9": 7, "10": 5, "11": 2, "12": 1, "13": 3}, "col": {"0": 1, "1": 2, "2": 4, "3": 8, "4": 3, "5": 0, "6": 3, "7": 6, "8": 2, "9": 4, "10": 0, "11": 6, "12": 7, "13": 8}, "components": {"0": "d", "1": "v", "2": "r", "3": "r", "4": "r", "5": "r", "6": "r", "7": "r", "8": "r", "9": "r", "10": "r", "11": "r", "12": "r", "13": "r"}, "resistances": {"0": NaN, "1": NaN, "2": 9000.0, "3": 8600.0, "4": 6800.0, "5": 5500.0, "6": 8800.0, "7": 600.0, "8": 5300.0, "9": 9100.0, "10": 4100.0, "11": 5900.0, "12": 5800.0, "13": 5400.0}, "edge_voltage": {"0": 6.465154647827148, "1": -7.9999998807907104, "2": -4.113970041275024, "3": -3.97149658203125, "4": 1.534772715640429, "5": 7.251732313307002e-05, "6": -4.946918306814041e-05, "7": -0.14167133636510698, "8": -3.886029839515686, "9": -2.512559175491333, "10": 2.3048140064929612e-05, "11": 1.393101379275322, "12": -1.6014108657836914, "13": 2.4937305831190315}, "edge_current": {"0": -1.4901161193847656e-08, "1": -0.0011950284242630005, "2": 0.00045710778795182705, "3": 0.00046180194476619363, "4": -0.00022570187866222113, "5": -1.3184967784241053e-08, "6": 5.6214979338164994e-09, "7": 0.00023611888173036277, "8": 0.0007332131499424577, "9": 0.0002761053910944611, "10": -5.6214979338164994e-09, "11": -0.00023611888173036277, "12": 0.0002761053910944611, "13": -0.00046180194476619363}, "voltage": 8}