{"row": {"0": 1, "1": 0, "2": 2, "3": 1, "4": 2, "5": 2, "6": 2, "7": 0, "8": 7, "9": 4, "10": 5, "11": 6, "12": 1, "13": 4}, "col": {"0": 0, "1": 5, "2": 1, "3": 4, "4": 3, "5": 6, "6": 8, "7": 3, "8": 3, "9": 2, "10": 3, "11": 1, "12": 7, "13": 8}, "components": {"0": "r", "1": "r", "2": "r", "3": "d", "4": "d", "5": "r", "6": "r", "7": "r", "8": "r", "9": "r", "10": "r", "11": "r", "12": "v", "13": "d"}, "resistances": {"0": 3900.0, "1": 3200.0, "2": 9400.0, "3": NaN, "4": NaN, "5": 5800.0, "6": 3200.0, "7": 4600.0, "8": 1500.0, "9": 7300.0, "10": 5600.0, "11": 2200.0, "12": NaN, "13": NaN}, "edge_voltage": {"0": -0.744085967540741, "1": -0.2095799744129181, "2": 0.8267572671175003, "3": -0.4260610044002533, "4": -0.4936736673116684, "5": 0.5993990451097488, "6": 0.051419053226709366, "7": -0.5763449668884277, "8": 0.6795690059661865, "9": -0.400696262717247, "10": -0.36676499247550964, "11": 0.22735822200775146, "12": -1.9999999403953552, "13": -0.34927720949053764}, "edge_current": {"0": 0.00019079128105659038, "1": 6.549373938469216e-05, "2": -8.795296889729798e-05, "3": 7.095746695995331e-05, "4": 0.00026225484907627106, "5": -0.0001033447333611548, "6": -1.606863588676788e-05, "7": 0.00012529238301794976, "8": -0.0004530456499196589, "9": 5.488998067448847e-05, "10": 6.549373938469216e-05, "11": -0.0001033447333611548, "12": -0.0004530474543571472, "13": 1.6069039702415466e-05}, "voltage": 2}