{"row": {"0": 0, "1": 8, "2": 1, "3": 1, "4": 5, "5": 2, "6": 2, "7": 0, "8": 0, "9": 4, "10": 2, "11": 7, "12": 0, "13": 9, "14": 3, "15": 8, "16": 9, "17": 10}, "col": {"0": 1, "1": 0, "2": 2, "3": 4, "4": 1, "5": 3, "6": 6, "7": 3, "8": 4, "9": 10, "10": 5, "11": 5, "12": 6, "13": 6, "14": 7, "15": 4, "16": 0, "17": 1}, "components": {"0": "r", "1": "d", "2": "v", "3": "r", "4": "r", "5": "d", "6": "r", "7": "r", "8": "d", "9": "r", "10": "r", "11": "d", "12": "r", "13": "r", "14": "r", "15": "r", "16": "r", "17": "r"}, "resistances": {"0": 2200.0, "1": NaN, "2": NaN, "3": 7800.0, "4": 6000.0, "5": NaN, "6": 3200.0, "7": 10000.0, "8": NaN, "9": 7400.0, "10": 8600.0, "11": NaN, "12": 3200.0, "13": 600.0, "14": 6000.0, "15": 1100.0, "16": 5000.0, "17": 2900.0}, "edge_voltage": {"0": -1.859321117401123, "1": 0.5016070008277893, "2": 6.0, "3": 1.3576934337615967, "4": -3.393252372741699, "5": -0.5384018421173096, "6": -2.5304149389266968, "7": 3.6022770404815674, "8": -0.5016276836395264, "9": -0.9754302501678467, "10": -2.606747627258301, "11": -0.49370908737182617, "12": 1.6102639436721802, "13": 0.17252826690673828, "14": -1.574636697769165, "15": -2.0682811737060547e-05, "16": -1.437735676765442, "17": -0.38226318359375}, "edge_current": {"0": 0.0008451459580101073, "1": -1.955777406692505e-08, "2": 0.0017165610333904624, "3": -0.00017406327242497355, "4": 0.0005655434215441346, "5": 0.0006226859986782074, "6": 0.0007907546241767704, "7": -0.0003602276847232133, "8": 0.00030585378408432007, "9": 0.00013181490066926926, "10": 0.00030310923466458917, "11": 0.000262431800365448, "12": -0.0005032074986957014, "13": -0.00028754715458489954, "14": 0.00026243802858516574, "15": 1.8799346079845236e-08, "16": 0.00028754715458489954, "17": 0.00013181490066926926}, "voltage": -6}