{"row": {"0": 0, "1": 1, "2": 3, "3": 4, "4": 2, "5": 0, "6": 5, "7": 3, "8": 0, "9": 5, "10": 5, "11": 0, "12": 4, "13": 8}, "col": {"0": 1, "1": 2, "2": 2, "3": 2, "4": 8, "5": 3, "6": 3, "7": 6, "8": 4, "9": 0, "10": 7, "11": 6, "12": 7, "13": 6}, "components": {"0": "r", "1": "r", "2": "r", "3": "r", "4": "r", "5": "r", "6": "r", "7": "r", "8": "d", "9": "r", "10": "v", "11": "d", "12": "r", "13": "r"}, "resistances": {"0": 8600.0, "1": 2500.0, "2": 5600.0, "3": 400.0, "4": 4000.0, "5": 9500.0, "6": 9800.0, "7": 9100.0, "8": NaN, "9": 1500.0, "10": NaN, "11": NaN, "12": 4800.0, "13": 600.0}, "edge_voltage": {"0": -0.31577447056770325, "1": -0.09179490804672241, "2": -2.3797129094600677, "3": 0.2541423738002777, "4": 0.6947567462921143, "5": 1.972143530845642, "6": -7.901257157325745, "7": -1.5807426571846008, "8": -0.6617117524147034, "9": -9.873400688171387, "10": -45.999999046325684, "11": 0.39140087366104126, "12": -35.46488660573959, "13": 0.10421350598335266}, "edge_current": {"0": 3.6717963666887954e-05, "1": 3.6717963666887954e-05, "2": 0.0004249487246852368, "3": -0.0006353558856062591, "4": -0.00017368918634019792, "5": -0.00020759405742865056, "6": 0.0008062507840804756, "7": 0.00017370798741467297, "8": 0.006753165274858475, "9": 0.006582267582416534, "10": -0.007388518191874027, "11": -1.6763806343078613e-08, "12": 0.007388518191874027, "13": -0.00017368918634019792}, "voltage": 46}