{"row": {"0": 1, "1": 0, "2": 2, "3": 1, "4": 3, "5": 2, "6": 2, "7": 0, "8": 3, "9": 0, "10": 4, "11": 5, "12": 5, "13": 2, "14": 7, "15": 4, "16": 9, "17": 10}, "col": {"0": 0, "1": 7, "2": 1, "3": 4, "4": 2, "5": 5, "6": 8, "7": 3, "8": 10, "9": 4, "10": 6, "11": 3, "12": 9, "13": 6, "14": 3, "15": 8, "16": 1, "17": 4}, "components": {"0": "r", "1": "r", "2": "r", "3": "d", "4": "r", "5": "r", "6": "r", "7": "r", "8": "r", "9": "d", "10": "r", "11": "v", "12": "r", "13": "r", "14": "r", "15": "r", "16": "d", "17": "r"}, "resistances": {"0": 2000.0, "1": 9600.0, "2": 9400.0, "3": NaN, "4": 6900.0, "5": 5300.0, "6": 1000.0, "7": 9400.0, "8": 5600.0, "9": NaN, "10": 2900.0, "11": NaN, "12": 9100.0, "13": 7600.0, "14": 4800.0, "15": 5700.0, "16": NaN, "17": 1500.0}, "edge_voltage": {"0": -2.9585816860198975, "1": -5.608945846557617, "2": -2.530761957168579, "3": -0.5494701862335205, "4": 13.902762413024902, "5": 16.097238540649414, "6": -0.4597358703613281, "7": -8.413418769836426, "8": 8.536080338060856, "9": 2.409111499786377, "10": 0.8507308959960938, "11": -30.000000953674316, "12": -18.029722690582275, "13": -2.229501247406006, "14": -2.8044729232788086, "15": 2.6204962730407715, "16": -0.5982778072357178, "17": 2.286449931561947}, "edge_current": {"0": 0.0014792908914387226, "1": 0.0005842651589773595, "2": 0.0002692299894988537, "3": 0.0007712468504905701, "4": -0.0020148931071162224, "5": -0.003037214744836092, "6": 0.00045973615488037467, "7": 0.0008950445335358381, "8": -0.0015242999652400613, "9": -5.960464477539063e-08, "10": -0.00029335543513298035, "11": -0.005018502939492464, "12": 0.001981288194656372, "13": 0.00029335543513298035, "14": 0.0005842651589773595, "15": -0.00045973615488037467, "16": 0.0019813068211078644, "17": -0.0015242999652400613}, "voltage": 30}