{"row": {"0": 1, "1": 5, "2": 2, "3": 1, "4": 3, "5": 2, "6": 3, "7": 7, "8": 3, "9": 0, "10": 6, "11": 5, "12": 9, "13": 6, "14": 1, "15": 6, "16": 1, "17": 10}, "col": {"0": 0, "1": 0, "2": 1, "3": 4, "4": 2, "5": 8, "6": 0, "7": 3, "8": 10, "9": 4, "10": 4, "11": 2, "12": 5, "13": 1, "14": 7, "15": 8, "16": 9, "17": 1}, "components": {"0": "r", "1": "d", "2": "r", "3": "d", "4": "r", "5": "r", "6": "v", "7": "d", "8": "r", "9": "r", "10": "d", "11": "d", "12": "d", "13": "r", "14": "d", "15": "r", "16": "r", "17": "r"}, "resistances": {"0": 1100.0, "1": NaN, "2": 9500.0, "3": NaN, "4": 3700.0, "5": 3000.0, "6": NaN, "7": NaN, "8": 4200.0, "9": 400.0, "10": NaN, "11": NaN, "12": NaN, "13": 1000.0, "14": NaN, "15": 900.0, "16": 5900.0, "17": 9900.0}, "edge_voltage": {"0": -1.392937421798706, "1": -0.43714895844459534, "2": -6.699053049087524, "3": -0.5288412570953369, "4": -8.90800952911377, "5": -5.107163667678833, "6": -17.0, "7": 7.803531646728516, "8": -4.64891242980957, "9": 0.8640961647033691, "10": -0.5885815620422363, "11": 7.654841512441635, "12": -0.4371378719806671, "13": -0.059740304946899414, "14": 7.803530931472778, "15": 1.532149076461792, "16": -0.5186505913734436, "17": -10.958150148391724}, "edge_current": {"0": 0.0012663067318499088, "1": 8.795410394668579e-05, "2": 0.0007051634602248669, "3": 0.0005176030099391937, "4": 0.0024075701367110014, "5": 0.0017023878172039986, "6": -0.003514528274536133, "7": -1.4901161193847656e-08, "8": 0.0011068838648498058, "9": -0.0021602404303848743, "10": 0.0016426444053649902, "11": -2.9802322387695312e-08, "12": 8.79066064953804e-05, "13": 5.97403195570223e-05, "14": -2.2351741790771484e-08, "15": -0.0017023878172039986, "16": 8.790687570581213e-05, "17": 0.0011068838648498058}, "voltage": 17}