{"row": {"0": 0, "1": 5, "2": 0, "3": 1, "4": 1, "5": 1, "6": 2, "7": 4, "8": 3, "9": 4, "10": 1, "11": 6, "12": 8, "13": 7, "14": 10, "15": 2, "16": 9, "17": 10}, "col": {"0": 1, "1": 0, "2": 7, "3": 2, "4": 6, "5": 9, "6": 3, "7": 2, "8": 0, "9": 0, "10": 5, "11": 3, "12": 6, "13": 4, "14": 7, "15": 8, "16": 5, "17": 6}, "components": {"0": "r", "1": "d", "2": "r", "3": "r", "4": "r", "5": "r", "6": "d", "7": "r", "8": "r", "9": "r", "10": "d", "11": "r", "12": "r", "13": "r", "14": "d", "15": "d", "16": "v", "17": "r"}, "resistances": {"0": 800.0, "1": NaN, "2": 6900.0, "3": 2600.0, "4": 100.0, "5": 1400.0, "6": NaN, "7": 2800.0, "8": 5300.0, "9": 100.0, "10": NaN, "11": 1900.0, "12": 900.0, "13": 5100.0, "14": NaN, "15": NaN, "16": NaN, "17": 4900.0}, "edge_voltage": {"0": 1.1980560884694569e-05, "1": 0.7267897725105286, "2": 1.3692853428892704e-07, "3": -5.6603380471642595e-06, "4": -1.6479134501423687e-07, "5": 33.27319663760318, "6": 2.376302745688008e-06, "7": 6.1037892891135925e-06, "8": -8.696525583218317e-06, "9": -2.164335484167168e-07, "10": -0.7268017530714133, "11": -3.1192439564620145e-06, "12": 1.7835191101767123e-09, "13": 7.950501412778976e-08, "14": -1.1658128173053228e-05, "15": 5.493763183039846e-06, "16": -33.99999839067459, "17": 2.0712832338176668e-08}, "edge_current": {"0": -1.497570067954257e-08, "1": -1.862645149230957e-08, "2": -1.9844714413408404e-11, "3": 2.177052982332839e-09, "4": 1.6479161368820883e-09, "5": -0.023766569793224335, "6": -9.237055564881302e-13, "7": -2.1799246852083343e-09, "8": 1.6408537861778427e-09, "9": 2.1643355996303626e-09, "10": 0.023766551166772842, "11": 1.6417073256391745e-09, "12": -1.981770216680223e-12, "13": -1.55892208864028e-11, "14": 4.234834705130197e-12, "15": -2.0250467969162855e-12, "16": -0.023766569793224335, "17": -4.226980310911843e-12}, "voltage": 34}