{"row": {"0": 0, "1": 1, "2": 3, "3": 2, "4": 6, "5": 7, "6": 3, "7": 5, "8": 10, "9": 4, "10": 4, "11": 5, "12": 6, "13": 6, "14": 7, "15": 8, "16": 2, "17": 4}, "col": {"0": 1, "1": 2, "2": 2, "3": 4, "4": 2, "5": 2, "6": 0, "7": 3, "8": 3, "9": 0, "10": 8, "11": 2, "12": 4, "13": 9, "14": 5, "15": 3, "16": 9, "17": 10}, "components": {"0": "r", "1": "r", "2": "r", "3": "r", "4": "r", "5": "r", "6": "r", "7": "r", "8": "r", "9": "r", "10": "d", "11": "r", "12": "v", "13": "r", "14": "r", "15": "r", "16": "r", "17": "r"}, "resistances": {"0": 3500.0, "1": 2800.0, "2": 1400.0, "3": 7800.0, "4": 3200.0, "5": 2500.0, "6": 300.0, "7": 2400.0, "8": 9400.0, "9": 5600.0, "10": NaN, "11": 9000.0, "12": NaN, "13": 8700.0, "14": 600.0, "15": 4600.0, "16": 7400.0, "17": 3800.0}, "edge_voltage": {"0": 0.6307286024093628, "1": 0.5045828819274902, "2": 0.9656209498643875, "3": -5.312036395072937, "4": -4.687963604927063, "5": 0.3815677762031555, "6": -0.16969053447246552, "7": -0.4924768954515457, "8": 3.095174714922905, "9": 4.176724910736084, "10": 4.346328422427177, "11": 0.4731440544128418, "12": -10.0, "13": -2.533247470855713, "14": -0.09157627820968628, "15": 8.702278137207031e-05, "16": 2.15471613407135, "17": 1.2512407302856445}, "edge_current": {"0": -0.00018020816787611693, "1": -0.00018020816787611693, "2": -0.0006897292332723737, "3": 0.0006810303311794996, "4": 0.0014649885706603527, "5": -0.00015262712258845568, "6": 0.0005656350986100733, "7": 0.00020519869576673955, "8": -0.0003292738983873278, "9": -0.0007458437466993928, "10": -2.9802322387695312e-08, "11": -5.2571565902326256e-05, "12": -0.0017561664571985602, "13": 0.0002911778574343771, "14": 0.00015262712258845568, "15": -1.8919218192081644e-08, "16": -0.0002911778574343771, "17": -0.0003292738983873278}, "voltage": 10}