{"row": {"0": 1, "1": 4, "2": 0, "3": 1, "4": 2, "5": 2, "6": 2, "7": 3, "8": 3, "9": 3, "10": 4, "11": 5, "12": 5, "13": 4, "14": 6, "15": 7, "16": 8, "17": 0, "18": 3, "19": 11}, "col": {"0": 0, "1": 0, "2": 6, "3": 2, "4": 3, "5": 7, "6": 11, "7": 0, "8": 5, "9": 8, "10": 1, "11": 0, "12": 9, "13": 6, "14": 10, "15": 5, "16": 0, "17": 9, "18": 10, "19": 4}, "components": {"0": "d", "1": "r", "2": "r", "3": "r", "4": "r", "5": "d", "6": "r", "7": "v", "8": "r", "9": "r", "10": "d", "11": "r", "12": "r", "13": "r", "14": "d", "15": "r", "16": "r", "17": "r", "18": "r", "19": "r"}, "resistances": {"0": NaN, "1": 4400.0, "2": 5900.0, "3": 5000.0, "4": 9900.0, "5": NaN, "6": 9900.0, "7": NaN, "8": 200.0, "9": 6800.0, "10": NaN, "11": 5900.0, "12": 5800.0, "13": 9300.0, "14": NaN, "15": 1700.0, "16": 3800.0, "17": 9300.0, "18": 600.0, "19": 2200.0}, "edge_voltage": {"0": 1.155684232711792, "1": 0.7460248470306396, "2": -1.3287768363952637, "3": -0.25845301151275635, "4": -0.5858627557754517, "5": -0.4055558443069458, "6": 0.5466374158859253, "7": 2.0, "8": 0.0991588830947876, "9": 1.2830188870429993, "10": -0.40965938568115234, "11": 1.9008411169052124, "12": 0.7301243543624878, "13": -0.582751989364624, "14": -0.49849534034729004, "15": -0.08114802837371826, "16": 0.7169811129570007, "17": -1.1707167625427246, "18": 0.1727278232574463, "19": 0.1214749813079834}, "edge_current": {"0": -1.862645149230957e-08, "1": -0.00016955110186245292, "2": 0.0002252164122182876, "3": 5.169061478227377e-05, "4": 5.9178051742492244e-05, "5": 4.772469401359558e-05, "6": -5.5215907195815817e-05, "7": 0.001031523454003036, "8": -0.0004957941710017622, "9": -0.00018867924518417567, "10": 5.167350172996521e-05, "11": -0.00032217646366916597, "12": -0.0001258835254702717, "13": 6.266150739975274e-05, "14": 0.00028787553310394287, "15": 4.773417822434567e-05, "16": -0.00018867924518417567, "17": 0.0001258835254702717, "18": -0.00028787981136702, "19": -5.5215907195815817e-05}, "voltage": -2}