{"row": {"0": 1, "1": 0, "2": 6, "3": 0, "4": 2, "5": 1, "6": 3, "7": 3, "8": 4, "9": 5, "10": 3, "11": 7}, "col": {"0": 0, "1": 4, "2": 0, "3": 7, "4": 1, "5": 5, "6": 2, "7": 0, "8": 1, "9": 0, "10": 6, "11": 5}, "components": {"0": "d", "1": "r", "2": "r", "3": "r", "4": "r", "5": "r", "6": "r", "7": "r", "8": "v", "9": "r", "10": "r", "11": "d"}, "resistances": {"0": NaN, "1": 6400.0, "2": 5900.0, "3": 5700.0, "4": 700.0, "5": 800.0, "6": 4900.0, "7": 8500.0, "8": NaN, "9": 200.0, "10": 7300.0, "11": NaN}, "edge_voltage": {"0": 5.735170841217041, "1": 40.264827728271484, "2": 1.2306127548217773, "3": -0.6754865646362305, "4": -0.37274169921875, "5": 4.6070979833602905, "6": -2.609193801879883, "7": 2.753235340118408, "8": -45.999998569488525, "9": 1.1280728578567505, "10": 1.5226225852966309, "11": -0.45258629322052}, "edge_current": {"0": -2.9802322387695312e-08, "1": -0.006291379686444998, "2": -0.00020857843628618866, "3": 0.0001185064174933359, "4": 0.0005324885132722557, "5": -0.0057588727213442326, "6": 0.0005324885132722557, "7": -0.00032391006243415177, "8": -0.006291374564170837, "9": -0.0056403642520308495, "10": -0.00020857843628618866, "11": 0.00011850707232952118}, "voltage": 46}