{"row": {"0": 1, "1": 0, "2": 6, "3": 0, "4": 2, "5": 1, "6": 3, "7": 3, "8": 4, "9": 5, "10": 3, "11": 7}, "col": {"0": 0, "1": 4, "2": 0, "3": 7, "4": 1, "5": 5, "6": 2, "7": 0, "8": 1, "9": 0, "10": 6, "11": 5}, "components": {"0": "d", "1": "r", "2": "r", "3": "r", "4": "r", "5": "r", "6": "r", "7": "r", "8": "v", "9": "r", "10": "r", "11": "d"}, "resistances": {"0": NaN, "1": 6400.0, "2": 5900.0, "3": 5700.0, "4": 700.0, "5": 800.0, "6": 4900.0, "7": 8500.0, "8": NaN, "9": 200.0, "10": 7300.0, "11": NaN}, "edge_voltage": {"0": 1.9995826482772827, "1": 14.000417709350586, "2": 0.42905643582344055, "3": -0.06584227085113525, "4": -0.1299574375152588, "5": 1.6015143394470215, "6": -0.9097023606300354, "7": 0.9599228501319885, "8": -16.00000035762787, "9": 0.39806830883026123, "10": 0.530866414308548, "11": -0.332226037979126}, "edge_current": {"0": -2.2351741790771484e-08, "1": -0.002187565201893449, "2": -7.27214282960631e-05, "3": 1.155127574747894e-05, "4": 0.00018565352365840226, "5": -0.0020018930081278086, "6": 0.00018565352365840226, "7": -0.00011293210263829678, "8": -0.002187572419643402, "9": -0.001990341581404209, "10": -7.27214282960631e-05, "11": 1.1552125215530396e-05}, "voltage": 16}