{"row": {"0": 0, "1": 0, "2": 0, "3": 1, "4": 6, "5": 1, "6": 2, "7": 8, "8": 3, "9": 3, "10": 7, "11": 3, "12": 4, "13": 5, "14": 6, "15": 7, "16": 8, "17": 7, "18": 10, "19": 9}, "col": {"0": 1, "1": 4, "2": 11, "3": 2, "4": 1, "5": 10, "6": 3, "7": 2, "8": 0, "9": 5, "10": 3, "11": 9, "12": 2, "13": 1, "14": 2, "15": 1, "16": 5, "17": 9, "18": 3, "19": 11}, "components": {"0": "r", "1": "d", "2": "r", "3": "v", "4": "d", "5": "r", "6": "r", "7": "r", "8": "d", "9": "r", "10": "r", "11": "r", "12": "r", "13": "r", "14": "r", "15": "r", "16": "d", "17": "r", "18": "r", "19": "d"}, "resistances": {"0": 8900.0, "1": NaN, "2": 600.0, "3": NaN, "4": NaN, "5": 6700.0, "6": 3400.0, "7": 7900.0, "8": NaN, "9": 2400.0, "10": 4600.0, "11": 6700.0, "12": 4700.0, "13": 4600.0, "14": 5300.0, "15": 4600.0, "16": NaN, "17": 600.0, "18": 6600.0, "19": NaN}, "edge_voltage": {"0": 23.16243553161621, "1": -0.6476600170135498, "2": 1.5265777111053467, "3": -48.0, "4": 47.999900817871094, "5": -12.283737182617188, "6": 23.61586594581604, "7": -4.1961669921875e-05, "8": 1.221698522567749, "9": 8.360153913497925, "10": -5.186922550201416, "11": 3.3594937324523926, "12": -24.18990445137024, "13": 16.023980140686035, "14": -9.918212890625e-05, "15": 19.197211503982544, "16": 31.975977897644043, "17": -1.8274288177490234, "18": -12.100396871566772, "19": -0.6112174987792969}, "edge_current": {"0": -0.0026025206316262484, "1": 0.005146782845258713, "2": -0.0025442959740757942, "3": -0.0120926508679986, "4": 0.0, "5": 0.0018333934713155031, "6": -0.00694584334269166, "7": 5.37995958893589e-09, "8": -3.725290298461914e-09, "9": -0.0034833974204957485, "10": 0.001127591822296381, "11": -0.0005014169728383422, "12": 0.0051467884331941605, "13": -0.003483473788946867, "14": 1.884800049367641e-08, "15": -0.0041733067482709885, "16": -5.960464477539063e-08, "17": 0.003045714693143964, "18": 0.0018333934713155031, "19": 0.002544298768043518}, "voltage": 48}