{"row": {"0": 1, "1": 0, "2": 1, "3": 1, "4": 2, "5": 7, "6": 0, "7": 5, "8": 3, "9": 4, "10": 2, "11": 6, "12": 9, "13": 1, "14": 0, "15": 9}, "col": {"0": 0, "1": 4, "2": 2, "3": 8, "4": 3, "5": 2, "6": 3, "7": 3, "8": 6, "9": 1, "10": 5, "11": 4, "12": 6, "13": 7, "14": 8, "15": 4}, "components": {"0": "v", "1": "r", "2": "r", "3": "d", "4": "r", "5": "r", "6": "r", "7": "r", "8": "r", "9": "r", "10": "r", "11": "r", "12": "r", "13": "r", "14": "r", "15": "d"}, "resistances": {"0": NaN, "1": 300.0, "2": 9800.0, "3": NaN, "4": 8100.0, "5": 2700.0, "6": 2000.0, "7": 3500.0, "8": 3900.0, "9": 1100.0, "10": 7800.0, "11": 3000.0, "12": 6200.0, "13": 4000.0, "14": 2900.0, "15": NaN}, "edge_voltage": {"0": -48.0, "1": 10.2504243850708, "2": -17.7443904876709, "3": -0.7073173522949219, "4": -21.03806972503662, "5": -7.150724411010742, "6": 9.21753978729248, "7": -6.516216278076172, "8": 0.583836555480957, "9": 37.7495756149292, "10": -14.52185344696045, "11": 0.4490480422973633, "12": -0.00011539459228515625, "13": -10.593666076660156, "14": 47.29268264770508, "15": 0.4489326477050781}, "edge_current": {"0": -0.05508461222052574, "1": -0.03416807949542999, "2": 0.0018106520874425769, "3": 0.016307704150676727, "4": 0.0025972924195230007, "5": 0.002648416440933943, "6": -0.004608769901096821, "7": 0.001861776108853519, "8": -0.00014970146003179252, "9": -0.03431779518723488, "10": 0.001861776108853519, "11": -0.00014968280447646976, "12": 1.865897658603899e-08, "13": 0.002648416440933943, "14": -0.01630782149732113, "15": -5.029141902923584e-08}, "voltage": 48}