{"row": {"0": 0, "1": 1, "2": 3, "3": 4, "4": 3, "5": 5, "6": 6, "7": 4, "8": 2, "9": 7, "10": 0, "11": 4}, "col": {"0": 1, "1": 2, "2": 2, "3": 2, "4": 0, "5": 3, "6": 3, "7": 1, "8": 5, "9": 5, "10": 6, "11": 7}, "components": {"0": "r", "1": "r", "2": "r", "3": "r", "4": "r", "5": "v", "6": "r", "7": "d", "8": "d", "9": "r", "10": "r", "11": "r"}, "resistances": {"0": 7600.0, "1": 3100.0, "2": 9000.0, "3": 5400.0, "4": 1500.0, "5": NaN, "6": 8700.0, "7": NaN, "8": NaN, "9": 2000.0, "10": 4900.0, "11": 300.0}, "edge_voltage": {"0": 26.682342529296875, "1": -5.420684814453125, "2": 25.747377395629883, "3": -6.069793701171875, "4": 4.485719680786133, "5": -47.00000190734863, "6": -2.743865728378296, "7": -0.64910888671875, "8": 21.25262451171875, "9": 13.247961044311523, "10": -1.741853952407837, "11": 1.9348697662353516}, "edge_current": {"0": -0.003510834649205208, "1": 0.0017486087745055556, "2": -0.0028995766770094633, "3": 0.0011240357998758554, "4": -0.003223022446036339, "5": -0.0068359375, "6": 0.0003554804134182632, "7": 0.00531005859375, "8": 0.0, "9": -0.006449572741985321, "10": 0.0003554804134182632, "11": -0.006449572741985321}, "voltage": 47}