{"row": {"0": 0, "1": 6, "2": 0, "3": 1, "4": 5, "5": 3, "6": 2, "7": 2, "8": 0, "9": 3, "10": 4, "11": 0, "12": 2, "13": 5, "14": 8, "15": 3}, "col": {"0": 1, "1": 0, "2": 9, "3": 2, "4": 1, "5": 2, "6": 4, "7": 8, "8": 3, "9": 7, "10": 1, "11": 5, "12": 6, "13": 7, "14": 3, "15": 9}, "components": {"0": "r", "1": "r", "2": "r", "3": "r", "4": "d", "5": "d", "6": "r", "7": "v", "8": "r", "9": "r", "10": "d", "11": "d", "12": "r", "13": "r", "14": "r", "15": "r"}, "resistances": {"0": 5200.0, "1": 3500.0, "2": 8700.0, "3": 2100.0, "4": NaN, "5": NaN, "6": 8600.0, "7": NaN, "8": 1700.0, "9": 8800.0, "10": NaN, "11": NaN, "12": 1400.0, "13": 2700.0, "14": 3700.0, "15": 2500.0}, "edge_voltage": {"0": 12.83324909210205, "1": -12.21487808227539, "2": -6.101505279541016, "3": 4.267580986022949, "4": 13.372754573822021, "5": 24.955641269683838, "6": -3.747640609741211, "7": -47.0, "8": -7.854811191558838, "9": 5.597799062728882, "10": -0.5199403762817383, "11": -0.5395054817199707, "12": -4.885951995849609, "13": -1.7175066471099854, "14": 22.044358730316162, "15": 1.7533059120178223}, "edge_current": {"0": -0.0024679326452314854, "1": 0.0034899653401225805, "2": 0.000701322453096509, "3": -0.0020321812480688095, "4": -2.2351741790771484e-08, "5": 0.0, "6": 0.00043577211908996105, "7": -0.0059579205699265, "8": 0.004620477091521025, "9": -0.0006361135747283697, "10": 0.0004357956349849701, "11": 0.0006360961124300957, "12": 0.0034899653401225805, "13": 0.0006361135747283697, "14": -0.005957935005426407, "15": -0.000701322453096509}, "voltage": 47}