{"row": {"0": 0, "1": 2, "2": 3, "3": 2, "4": 2, "5": 0, "6": 5, "7": 3, "8": 4, "9": 0, "10": 7, "11": 6, "12": 4, "13": 8}, "col": {"0": 1, "1": 1, "2": 2, "3": 4, "4": 8, "5": 3, "6": 3, "7": 6, "8": 0, "9": 5, "10": 5, "11": 0, "12": 7, "13": 6}, "components": {"0": "d", "1": "r", "2": "r", "3": "r", "4": "d", "5": "r", "6": "d", "7": "r", "8": "r", "9": "r", "10": "r", "11": "v", "12": "d", "13": "r"}, "resistances": {"0": NaN, "1": 100.0, "2": 7600.0, "3": 6300.0, "4": NaN, "5": 4600.0, "6": NaN, "7": 600.0, "8": 3400.0, "9": 5400.0, "10": 3200.0, "11": NaN, "12": NaN, "13": 4800.0}, "edge_voltage": {"0": 5.5612335205078125, "1": -1.9073486328125e-06, "2": -4.724213600158691, "3": -3.9161137342453003, "4": 6.438673973083496, "5": 10.285449028015137, "6": 9.541497528553009, "7": 1.7145509719848633, "8": -1.645121693611145, "9": 0.7439514994621277, "10": -0.4408014416694641, "11": -12.0, "12": -0.4603687524795532, "13": 9.059906005859375e-05}, "edge_current": {"0": 0.0, "1": 1.8224186604243187e-08, "2": 0.0006216070032678545, "3": 0.0006216053734533489, "4": -2.2351741790771484e-08, "5": -0.0022359672002494335, "6": -1.4901161193847656e-08, "7": -0.002857585670426488, "8": 0.0004838593304157257, "9": -0.0001377687876811251, "10": 0.0001377504668198526, "11": -0.002857604529708624, "12": 0.0001377388834953308, "13": -1.8818550273635992e-08}, "voltage": 12}