{"row": {"0": 0, "1": 1, "2": 1, "3": 1, "4": 2, "5": 5, "6": 7, "7": 3, "8": 2, "9": 3, "10": 6, "11": 4}, "col": {"0": 1, "1": 2, "2": 4, "3": 6, "4": 3, "5": 2, "6": 2, "7": 0, "8": 4, "9": 5, "10": 4, "11": 7}, "components": {"0": "v", "1": "r", "2": "r", "3": "r", "4": "r", "5": "r", "6": "d", "7": "r", "8": "r", "9": "r", "10": "r", "11": "r"}, "resistances": {"0": NaN, "1": 9500.0, "2": 8700.0, "3": 1600.0, "4": 300.0, "5": 3800.0, "6": NaN, "7": 5300.0, "8": 5800.0, "9": 1700.0, "10": 6800.0, "11": 800.0}, "edge_voltage": {"0": -5.0, "1": 2.382744312286377, "2": 1.0320792198181152, "3": 0.19658660888671875, "4": 0.13332724571228027, "5": -0.0921170711517334, "6": 1.343766450881958, "7": 2.4839284420013428, "8": -1.3506650924682617, "9": -0.041210174560546875, "10": 0.8354926109313965, "11": 0.006898641586303711}, "edge_current": {"0": -0.0004923115484416485, "1": -0.0002508151810616255, "2": -0.00011862980318255723, "3": -0.000122866578749381, "4": -0.0004444243968464434, "5": 2.4241331630037166e-05, "6": 1.52587890625e-05, "7": -0.0004686657339334488, "8": 0.00023287328076548874, "9": 2.4241331630037166e-05, "10": -0.000122866578749381, "11": -8.6231075329124e-06}, "voltage": 5}