{"row": {"0": 0, "1": 2, "2": 3, "3": 2, "4": 2, "5": 0, "6": 5, "7": 3, "8": 4, "9": 0, "10": 7, "11": 6, "12": 4, "13": 8}, "col": {"0": 1, "1": 1, "2": 2, "3": 4, "4": 8, "5": 3, "6": 3, "7": 6, "8": 0, "9": 5, "10": 5, "11": 0, "12": 7, "13": 6}, "components": {"0": "d", "1": "r", "2": "r", "3": "r", "4": "d", "5": "r", "6": "d", "7": "r", "8": "r", "9": "r", "10": "r", "11": "v", "12": "d", "13": "r"}, "resistances": {"0": NaN, "1": 100.0, "2": 7600.0, "3": 6300.0, "4": NaN, "5": 4600.0, "6": NaN, "7": 600.0, "8": 3400.0, "9": 5400.0, "10": 3200.0, "11": NaN, "12": NaN, "13": 4800.0}, "edge_voltage": {"0": 17.483684539794922, "1": -3.814697265625e-06, "2": -15.07861328125, "3": -12.499382495880127, "4": 20.516223907470703, "5": 32.56230163574219, "6": 29.764688968658447, "7": 5.4376983642578125, "8": -4.9843058586120605, "9": 2.7976126670837402, "10": -1.6578054428100586, "11": -38.0, "12": -0.5288877487182617, "13": 8.7738037109375e-05}, "edge_current": {"0": -2.9802322387695312e-08, "1": 4.276399323543956e-08, "2": 0.001984028145670891, "3": 0.0019840290769934654, "4": -8.940696716308594e-08, "5": -0.007078761700540781, "6": 0.0, "7": -0.009062827564775944, "8": 0.0014659722801297903, "9": -0.0005180764710530639, "10": 0.0005180641892366111, "11": -0.009062834084033966, "12": 0.0005180351436138153, "13": -1.8321630435025327e-08}, "voltage": 38}