{"row": {"0": 1, "1": 0, "2": 2, "3": 1, "4": 3, "5": 2, "6": 2, "7": 0, "8": 3, "9": 0, "10": 4, "11": 5, "12": 5, "13": 2, "14": 7, "15": 4, "16": 9, "17": 10}, "col": {"0": 0, "1": 7, "2": 1, "3": 4, "4": 2, "5": 5, "6": 8, "7": 3, "8": 10, "9": 4, "10": 6, "11": 3, "12": 9, "13": 6, "14": 3, "15": 8, "16": 1, "17": 4}, "components": {"0": "r", "1": "r", "2": "r", "3": "d", "4": "r", "5": "r", "6": "r", "7": "r", "8": "r", "9": "d", "10": "r", "11": "v", "12": "r", "13": "r", "14": "r", "15": "r", "16": "d", "17": "r"}, "resistances": {"0": 2000.0, "1": 9600.0, "2": 9400.0, "3": NaN, "4": 6900.0, "5": 5300.0, "6": 1000.0, "7": 9400.0, "8": 5600.0, "9": NaN, "10": 2900.0, "11": NaN, "12": 9100.0, "13": 7600.0, "14": 4800.0, "15": 5700.0, "16": NaN, "17": 1500.0}, "edge_voltage": {"0": -3.9339284896850586, "1": -7.458006381988525, "2": -3.454111099243164, "3": -0.5662639141082764, "4": 18.575048446655273, "5": 21.42495059967041, "6": -0.6000556945800781, "7": -11.18700885772705, "8": 11.47974243760109, "9": 3.3676645755767822, "10": 1.1103894710540771, "11": -39.999999046325684, "12": -24.265419006347656, "13": -2.9099855422973633, "14": -3.7290024757385254, "15": 3.4203193187713623, "16": -0.613642692565918, "17": 3.0749309957027435}, "edge_current": {"0": 0.0019669642206281424, "1": 0.0007768756477162242, "2": 0.00036745864781551063, "3": 0.0010670684278011322, "4": -0.002692036097869277, "5": -0.004042443353682756, "6": 0.0006000559660606086, "7": 0.0011901073157787323, "8": -0.002049954142421484, "9": -8.940696716308594e-08, "10": -0.0003828928747680038, "11": -0.006708973087370396, "12": 0.0026665295008569956, "13": 0.0003828928747680038, "14": 0.0007768756477162242, "15": -0.0006000559660606086, "16": 0.002666529268026352, "17": -0.002049954142421484}, "voltage": 40}