{"row": {"0": 0, "1": 0, "2": 0, "3": 1, "4": 6, "5": 1, "6": 2, "7": 8, "8": 3, "9": 3, "10": 7, "11": 3, "12": 4, "13": 5, "14": 6, "15": 7, "16": 8, "17": 7, "18": 10, "19": 9}, "col": {"0": 1, "1": 4, "2": 11, "3": 2, "4": 1, "5": 10, "6": 3, "7": 2, "8": 0, "9": 5, "10": 3, "11": 9, "12": 2, "13": 1, "14": 2, "15": 1, "16": 5, "17": 9, "18": 3, "19": 11}, "components": {"0": "r", "1": "d", "2": "r", "3": "v", "4": "d", "5": "r", "6": "r", "7": "r", "8": "d", "9": "r", "10": "r", "11": "r", "12": "r", "13": "r", "14": "r", "15": "r", "16": "d", "17": "r", "18": "r", "19": "d"}, "resistances": {"0": 8900.0, "1": NaN, "2": 600.0, "3": NaN, "4": NaN, "5": 6700.0, "6": 3400.0, "7": 7900.0, "8": NaN, "9": 2400.0, "10": 4600.0, "11": 6700.0, "12": 4700.0, "13": 4600.0, "14": 5300.0, "15": 4600.0, "16": NaN, "17": 600.0, "18": 6600.0, "19": NaN}, "edge_voltage": {"0": 16.42619514465332, "1": -0.6292448043823242, "2": 1.055762767791748, "3": -34.0, "4": 33.999900817871094, "5": -8.679370880126953, "6": 16.770801424980164, "7": -0.0001354217529296875, "8": 0.8030034303665161, "9": 5.907111763954163, "10": -3.726152539253235, "11": 2.450905680656433, "12": -16.944560050964355, "13": 11.322086811065674, "14": -9.918212890625e-05, "15": 13.503046035766602, "16": 22.677777767181396, "17": -1.2752468585968018, "18": -8.549827694892883, "19": -0.592139482498169}, "edge_current": {"0": -0.0018456397810950875, "1": 0.003605227917432785, "2": -0.001759604667313397, "3": -0.008537852205336094, "4": -5.960464477539063e-08, "5": 0.001295428373850882, "6": -0.0049325888976454735, "7": 1.72851315483058e-08, "8": -4.842877388000488e-08, "9": -0.0024612965062260628, "10": 0.0008100331760942936, "11": -0.00036580683081410825, "12": 0.0036052255891263485, "13": -0.0024613230489194393, "14": 1.8833999249068256e-08, "15": -0.0029354447033256292, "16": -2.9802322387695312e-08, "17": 0.0021254115272313356, "18": 0.001295428373850882, "19": 0.0017596017569303513}, "voltage": 34}