{"row": {"0": 0, "1": 1, "2": 1, "3": 1, "4": 2, "5": 3, "6": 5, "7": 3, "8": 4, "9": 7, "10": 5, "11": 2, "12": 1, "13": 3}, "col": {"0": 1, "1": 2, "2": 4, "3": 8, "4": 3, "5": 0, "6": 3, "7": 6, "8": 2, "9": 4, "10": 0, "11": 6, "12": 7, "13": 8}, "components": {"0": "d", "1": "v", "2": "r", "3": "r", "4": "r", "5": "r", "6": "r", "7": "r", "8": "r", "9": "r", "10": "r", "11": "r", "12": "r", "13": "r"}, "resistances": {"0": NaN, "1": NaN, "2": 9000.0, "3": 8600.0, "4": 6800.0, "5": 5500.0, "6": 8800.0, "7": 600.0, "8": 5300.0, "9": 9100.0, "10": 4100.0, "11": 5900.0, "12": 5800.0, "13": 5400.0}, "edge_voltage": {"0": -0.5700587630271912, "1": 9.999999940395355, "2": 5.14246267080307, "3": 3.0700008273124695, "4": -5.002324104309082, "5": -4.427617073059082, "6": 3.0203899145126343, "7": 0.46175289154052734, "8": 4.857537269592285, "9": 3.1406986713409424, "10": -1.4072271585464478, "11": -4.540571212768555, "12": 2.0017639994621277, "13": -1.9276750087738037}, "edge_current": {"0": 0.0011482499539852142, "1": 0.0024217404425144196, "2": -0.0005713847349397838, "3": -0.0003569768450688571, "4": 0.0007356359274126589, "5": 0.0008050212636590004, "6": -0.00034322612918913364, "7": -0.0007695883396081626, "8": -0.0009165164665319026, "9": -0.00034513173159211874, "10": 0.00034322612918913364, "11": 0.0007695883396081626, "12": -0.00034513173159211874, "13": 0.0003569768450688571}, "voltage": -10}