{"row": {"0": 0, "1": 4, "2": 2, "3": 6, "4": 3, "5": 2, "6": 9, "7": 0, "8": 1, "9": 3, "10": 5, "11": 0, "12": 6, "13": 7, "14": 0, "15": 9}, "col": {"0": 1, "1": 0, "2": 1, "3": 1, "4": 2, "5": 5, "6": 2, "7": 3, "8": 4, "9": 5, "10": 7, "11": 6, "12": 8, "13": 2, "14": 8, "15": 6}, "components": {"0": "r", "1": "d", "2": "r", "3": "r", "4": "r", "5": "r", "6": "r", "7": "r", "8": "d", "9": "r", "10": "r", "11": "r", "12": "r", "13": "d", "14": "v", "15": "r"}, "resistances": {"0": 8400.0, "1": NaN, "2": 5800.0, "3": 4700.0, "4": 2000.0, "5": 800.0, "6": 2100.0, "7": 1600.0, "8": NaN, "9": 1700.0, "10": 6000.0, "11": 6900.0, "12": 3000.0, "13": NaN, "14": NaN, "15": 100.0}, "edge_voltage": {"0": -10.240982055664062, "1": 5.120491027832031, "2": -0.8710317611694336, "3": 6.435981750488281, "4": -3.815491199493408, "5": 1.1570453643798828, "6": 6.974875450134277, "7": -5.554459095001221, "8": 5.120491027832031, "9": -2.6584458351135254, "10": -0.7049064636230469, "11": -16.676963806152344, "12": -21.323036193847656, "13": -0.45213890075683594, "14": -38.0, "15": -0.3321380615234375}, "edge_current": {"0": 0.0012191644636914134, "1": -1.4901161193847656e-08, "2": 0.00015017788973636925, "3": -0.0013693578075617552, "4": 0.001907745492644608, "5": -0.0014463069383054972, "6": -0.0033213698770850897, "7": 0.0034715367946773767, "8": -1.4901161193847656e-08, "9": 0.0015637914184480906, "10": 0.00011748452379833907, "11": 0.002416951349005103, "12": 0.007107678800821304, "13": 0.00011753477156162262, "14": -0.007107678335160017, "15": 0.0033213698770850897}, "voltage": 38}