{"row": {"0": 1, "1": 0, "2": 0, "3": 1, "4": 6, "5": 2, "6": 2, "7": 3, "8": 5, "9": 3, "10": 1, "11": 5, "12": 6, "13": 9, "14": 7, "15": 7, "16": 2, "17": 9, "18": 6, "19": 8}, "col": {"0": 0, "1": 4, "2": 8, "3": 2, "4": 1, "5": 3, "6": 10, "7": 0, "8": 3, "9": 7, "10": 4, "11": 2, "12": 0, "13": 6, "14": 1, "15": 11, "16": 8, "17": 2, "18": 10, "19": 11}, "components": {"0": "r", "1": "r", "2": "d", "3": "r", "4": "v", "5": "r", "6": "r", "7": "d", "8": "r", "9": "r", "10": "r", "11": "r", "12": "r", "13": "r", "14": "r", "15": "r", "16": "r", "17": "d", "18": "r", "19": "r"}, "resistances": {"0": 2500.0, "1": 4000.0, "2": NaN, "3": 7100.0, "4": NaN, "5": 2000.0, "6": 4700.0, "7": NaN, "8": 3600.0, "9": 7200.0, "10": 3100.0, "11": 4900.0, "12": 8800.0, "13": 7600.0, "14": 7200.0, "15": 4200.0, "16": 6700.0, "17": NaN, "18": 6900.0, "19": 4100.0}, "edge_voltage": {"0": 6.333007335662842, "1": -3.5678915977478027, "2": 1.0105078220367432, "3": 9.533081293106079, "4": -24.999999523162842, "5": -2.6234388947486877, "6": 6.26676869392395, "7": -0.5766350626945496, "8": -1.1111034750938416, "9": -2.2784095406532288, "10": 2.765115737915039, "11": 1.5123354196548462, "12": -18.6669921875, "13": 14.869292259216309, "14": -4.631232857704163, "15": 1.3724802136421204, "16": -2.189566135406494, "17": -0.5976259708404541, "18": -9.200149536132812, "19": -1.339802086353302}, "edge_current": {"0": -0.0025332029908895493, "1": 0.0008919728570617735, "2": -1.862645149230957e-08, "3": -0.0013426875229924917, "4": -0.005411089863628149, "5": 0.0013117194175720215, "6": -0.0013333550887182355, "7": 0.0013039149343967438, "8": 0.00030863986467011273, "9": 0.0003164457739330828, "10": -0.0008919728570617735, "11": -0.00030863986467011273, "12": 0.0021212492138147354, "13": -0.0019564859103411436, "14": 0.0006432267837226391, "15": -0.00032678100978955626, "16": 0.0003268008877057582, "17": 0.0019565001130104065, "18": 0.0013333550887182355, "19": 0.00032678100978955626}, "voltage": 25}