{"row": {"0": 0, "1": 0, "2": 2, "3": 5, "4": 1, "5": 1, "6": 3, "7": 2, "8": 0, "9": 6, "10": 4, "11": 0, "12": 5, "13": 6, "14": 9, "15": 7, "16": 6, "17": 9, "18": 10, "19": 5}, "col": {"0": 1, "1": 4, "2": 1, "3": 1, "4": 10, "5": 11, "6": 2, "7": 7, "8": 3, "9": 3, "10": 1, "11": 5, "12": 8, "13": 1, "14": 6, "15": 1, "16": 8, "17": 1, "18": 4, "19": 11}, "components": {"0": "r", "1": "d", "2": "r", "3": "r", "4": "d", "5": "d", "6": "r", "7": "d", "8": "r", "9": "r", "10": "d", "11": "v", "12": "r", "13": "r", "14": "d", "15": "r", "16": "r", "17": "r", "18": "r", "19": "r"}, "resistances": {"0": 7600.0, "1": NaN, "2": 800.0, "3": 4800.0, "4": NaN, "5": NaN, "6": 10000.0, "7": NaN, "8": 8800.0, "9": 8900.0, "10": NaN, "11": NaN, "12": 3400.0, "13": 2300.0, "14": NaN, "15": 5100.0, "16": 8200.0, "17": 300.0, "18": 9300.0, "19": 8900.0}, "edge_voltage": {"0": 2.3389227390289307, "1": 2.3139488697052, "2": 0.05961036682128906, "3": -1.6610772609710693, "4": -0.024866104125976562, "5": 1.66090989112854, "6": 0.7452785968780518, "7": 0.059546470642089844, "8": 1.5340337753295898, "9": -0.8881678581237793, "10": 0.02497386932373047, "11": 4.0, "12": -0.46245813369750977, "13": -0.08327889442443848, "14": 0.08327388763427734, "15": 6.389617919921875e-05, "16": 1.115340232849121, "17": -5.0067901611328125e-06, "18": -0.00010776519775390625, "19": -0.00016736984252929688}, "edge_current": {"0": -0.0003077529836446047, "1": -4.470348358154297e-08, "2": -7.451282726833597e-05, "3": 0.0003460577572695911, "4": 7.043126970529556e-09, "5": -2.9802322387695312e-08, "6": -7.45278739486821e-05, "7": -6.752088665962219e-09, "8": -0.00017432202002964914, "9": 9.979414608096704e-05, "10": -2.1653249859809875e-08, "11": 0.00048209368833340704, "12": 0.00013601710088551044, "13": 3.6208231904311106e-05, "14": -1.909211277961731e-08, "15": -1.2525236847693577e-08, "16": -0.00013601710088551044, "17": 1.715075192976201e-08, "18": 1.1603170868568213e-08, "19": 1.8801660672806975e-08}, "voltage": -4}