{"row": {"0": 1, "1": 0, "2": 2, "3": 1, "4": 3, "5": 2, "6": 2, "7": 0, "8": 3, "9": 0, "10": 4, "11": 5, "12": 5, "13": 2, "14": 7, "15": 4, "16": 9, "17": 10}, "col": {"0": 0, "1": 7, "2": 1, "3": 4, "4": 2, "5": 5, "6": 8, "7": 3, "8": 10, "9": 4, "10": 6, "11": 3, "12": 9, "13": 6, "14": 3, "15": 8, "16": 1, "17": 4}, "components": {"0": "r", "1": "r", "2": "r", "3": "d", "4": "r", "5": "r", "6": "r", "7": "r", "8": "r", "9": "d", "10": "r", "11": "v", "12": "r", "13": "r", "14": "r", "15": "r", "16": "d", "17": "r"}, "resistances": {"0": 2000.0, "1": 9600.0, "2": 9400.0, "3": NaN, "4": 6900.0, "5": 5300.0, "6": 1000.0, "7": 9400.0, "8": 5600.0, "9": NaN, "10": 2900.0, "11": NaN, "12": 9100.0, "13": 7600.0, "14": 4800.0, "15": 5700.0, "16": NaN, "17": 1500.0}, "edge_voltage": {"0": -2.2754931449890137, "1": -4.3139472007751465, "2": -1.8866124153137207, "3": -0.5333849191665649, "4": 10.633026599884033, "5": 12.366973876953125, "6": -0.3611938953399658, "7": -6.470921039581299, "8": 6.477882212027907, "9": 1.7421082258224487, "10": 0.6683801412582397, "11": -23.000000476837158, "12": -13.6696298122406, "13": -1.751617193222046, "14": -2.1569738388061523, "15": 2.05880343914032, "16": -0.5839564800262451, "17": 1.7351470533758402}, "edge_current": {"0": 0.0011377466144040227, "1": 0.0004493695159908384, "2": 0.00020070343452971429, "3": 0.0005651265382766724, "4": -0.0015410182531923056, "5": -0.002333391224965453, "6": 0.00036119361175224185, "7": 0.0006883958703838289, "8": -0.001156764687038958, "9": -3.725290298461914e-08, "10": -0.00023047592549119145, "11": -0.0038355484139174223, "12": 0.0015021570725366473, "13": 0.00023047592549119145, "14": 0.0004493695159908384, "15": -0.00036119361175224185, "16": 0.0015021562576293945, "17": -0.001156764687038958}, "voltage": 23}